video_id,view,label,n_frames_total,n_lift_phase_frames,lift_phase_duration_ms,used_full_video_fallback,mean_spine_angle,max_spine_angle,min_spine_angle,std_spine_angle,range_spine_angle,max_abs_spine_angle,mean_lean_deviation,max_lean_deviation,mean_postural_deviation,max_postural_deviation,shoulder_asymmetry_rate,low_visibility_rate
10good,side,0,315,67,8229.0,False,6.222302771855009,29.96857142857141,0.162857142857149,6.3561257940876175,29.80571428571426,29.96857142857141,38.77769722814496,44.83714285714284,0.17073763326226002,0.2433142857142856,0.1044776119402985,0.0
11good,side,0,305,49,7075.0,False,11.605422740524775,37.705714285714265,0.2400000000000091,13.220949589859242,37.465714285714256,37.705714285714265,33.394577259475206,44.759999999999984,0.18070612244897946,0.2110857142857141,0.04081632653061224,0.0
12good,side,0,302,55,10889.0,False,10.985064935064932,45.61714285714282,0.1314285714285574,14.678270975929419,45.48571428571426,45.61714285714282,34.02475324675323,44.86857142857141,0.1830394805194804,0.2276285714285713,0.05454545454545454,0.0
13bad,side,1,196,40,3663.0,False,14.449249999999996,36.68285714285713,0.8714285714285666,8.746034813528087,35.811428571428564,36.68285714285713,30.550749999999983,44.12857142857141,0.188227857142857,0.2414571428571427,0.1,0.0
14good,side,0,338,42,7076.0,False,19.078020732102427,170.05809523809535,-151.48857142857122,58.409172156248076,321.54666666666657,170.05809523809535,61.35735827664396,196.48857142857133,0.1420343537414965,0.2380285714285713,0.2857142857142857,0.0
16good,side,0,254,67,7677.0,False,8.704029850746267,33.93428571428569,0.3371428571428509,7.977837963571186,33.59714285714284,33.93428571428569,36.29597014925372,44.66285714285712,0.1771658848614071,0.1941142857142856,0.029850746268656716,0.0
17good,side,0,374,56,6775.0,False,4.952755102040816,10.90285714285713,0.7571428571428669,2.753840509835655,10.145714285714263,10.90285714285713,40.04724489795917,44.242857142857126,0.17182168367346926,0.2298285714285713,0.125,0.0
18bad,side,1,166,57,2810.0,False,11.70761904761904,38.5542857142857,1.6085714285714232,12.296250730258384,36.945714285714274,38.5542857142857,33.29238095238094,43.39142857142855,0.16651002506265652,0.1939714285714284,0.05263157894736842,0.0
19bad,side,1,203,39,6373.0,False,7.190549450549447,20.12285714285713,-0.1085714285714232,6.298979889580779,20.231428571428552,20.12285714285713,37.809450549450524,45.10857142857141,0.18448864468864457,0.259342857142857,0.02564102564102564,0.0
1good,side,0,74,17,803.0,False,12.542016806722767,172.39079365079374,-149.08507936507928,79.24860291422591,321.47587301587305,172.39079365079374,32.45798319327729,40.31999999999998,0.17968067226890744,0.1935714285714285,0.29411764705882354,0.0
20good,side,0,346,79,16259.0,False,8.931515370705238,36.56857142857143,1.674285714285702,9.07531766472486,34.89428571428573,36.56857142857143,36.068484629294744,43.32571428571427,0.19106365280289317,0.2380285714285713,0.05063291139240506,0.0
21bad,side,1,175,25,1204.0,False,3.2354285714285695,5.319999999999993,1.117142857142852,1.3737621790416925,4.202857142857141,5.319999999999993,41.76457142857141,43.88285714285712,0.21698857142857125,0.3004285714285712,0.04,0.0
22good,side,0,285,50,4516.0,False,11.916459220779215,35.069610389610375,0.1828571428571308,11.920807129217248,34.886753246753244,35.069610389610375,33.08354077922076,44.81714285714284,0.16368971428571422,0.1992857142857142,0.02,0.0
23good,side,0,353,51,7828.0,False,13.042997198879547,41.16285714285712,0.2400000000000091,15.284699191541524,40.92285714285711,41.16285714285712,31.948627450980375,44.75999999999998,0.18070448179271695,0.2161999999999999,0.09803921568627451,0.0
24bad,side,1,212,13,602.0,False,5.91340659340659,8.294285714285706,3.851428571428556,1.7844103794668333,4.44285714285715,8.294285714285706,39.086593406593394,41.14857142857141,0.21435824175824164,0.218542857142857,0.5384615384615384,0.0
25bad,side,1,275,37,3463.0,False,7.114594594594589,26.502857142857124,-0.4371428571428737,7.148554173806087,26.939999999999998,26.502857142857124,37.88540540540538,45.43714285714283,0.24296602316602303,0.4351142857142855,0.0,0.0
26good,side,0,389,78,3864.0,False,5.697930402930401,12.36571428571429,2.657142857142844,2.1724036999504133,9.708571428571446,12.36571428571429,37.01225274725274,42.34285714285712,0.16841678876678864,0.2304285714285713,0.02564102564102564,0.0
27bad,side,1,205,41,2007.0,False,5.894146341463413,12.81714285714284,1.0914285714285654,3.427559318609077,11.725714285714275,12.81714285714284,39.10585365853657,43.908571428571406,0.17337979094076644,0.2385999999999999,0.07317073170731707,0.0
28good,side,0,307,50,8279.0,False,10.927771428571424,33.54857142857142,0.9314285714285688,10.688786022731176,32.61714285714285,33.54857142857142,34.07222857142856,44.0685714285714,0.18974085714285704,0.2376571428571427,0.0,0.0
29bad,side,1,214,64,3162.0,False,23.01062499999999,40.84571428571428,1.171428571428578,14.257446304635884,39.6742857142857,40.84571428571428,21.98937499999999,43.82857142857141,0.18774419642857132,0.2269142857142856,0.21875,0.0
2good,side,0,211,30,5922.0,False,2.966666666666666,5.891428571428577,0.9799999999999898,1.544722888195041,4.911428571428587,5.891428571428577,42.0333333333333,44.01999999999998,0.18579238095238082,0.2299142857142856,0.06666666666666667,0.0
30good,side,0,288,79,9635.0,False,18.87875226039782,42.44857142857143,0.3914285714285768,17.875436423030884,42.05714285714285,42.44857142857143,26.121247739602154,44.60857142857141,0.17682790837854118,0.2299714285714284,0.02531645569620253,0.0
31bad,side,1,269,72,10889.0,False,11.219285714285709,50.33142857142855,1.3914285714285768,12.784924862155313,48.939999999999976,50.33142857142855,34.31867063492062,43.60857142857141,0.16106448412698401,0.2321142857142856,0.0,0.0
32good,side,0,339,67,9384.0,False,7.210874200426435,29.282857142857125,-0.037142857142868,7.898722852055396,29.319999999999993,29.282857142857125,37.78912579957354,45.03714285714284,0.15786183368869927,0.183742857142857,0.08955223880597014,0.0
33bad,side,1,68,36,1756.0,False,32.414841269841254,83.43142857142857,2.1457142857142912,25.40365481769372,81.28571428571428,83.43142857142857,26.917857142857134,42.854285714285695,0.17552142857142844,0.234142857142857,0.027777777777777776,0.0
36good,side,0,433,24,1154.0,False,15.896726190476182,29.88428571428571,3.7771428571428487,10.476721326247802,26.10714285714286,29.88428571428571,29.103273809523795,41.22285714285713,0.1577595238095237,0.197542857142857,0.0,0.0
37bad,side,1,188,24,1154.0,False,5.040833333333329,19.64571428571429,0.539999999999992,4.913103717570356,19.1057142857143,19.64571428571429,39.95916666666665,44.45999999999998,0.2545166666666665,0.3124857142857141,0.0,0.0
38good,side,0,319,47,8531.0,False,11.738905775075983,31.419999999999987,0.9428571428571502,12.02418892331945,30.477142857142837,31.419999999999987,33.261094224923994,44.05714285714284,0.19065471124620048,0.2347142857142856,0.0,0.0
40bad,side,1,133,18,853.0,False,6.802380952380951,15.97142857142856,0.037142857142868,5.478952875307827,15.934285714285693,15.97142857142856,38.197619047619035,44.96285714285712,0.18063650793650782,0.1986571428571427,0.1111111111111111,0.0
41good,side,0,298,45,11440.0,False,10.529841269841265,37.65714285714285,1.1285714285714334,11.343791475070871,36.52857142857142,37.65714285714285,34.470158730158715,43.87142857142855,0.18243904761904745,0.2258,0.1111111111111111,0.0
42good,side,0,347,52,10087.0,False,11.38516483516483,31.762857142857115,1.4085714285714346,9.50351593993602,30.35428571428568,31.762857142857115,33.61483516483515,43.59142857142855,0.18804945054945044,0.2326285714285713,0.019230769230769232,0.0
44good,side,0,404,112,9663.0,False,23.742113520407965,81.2314285714283,0.3199999999998226,25.193735383931887,80.91142857142847,81.2314285714283,33.97330739795917,44.67999999999998,0.169365937196307,0.2916742857142855,0.29464285714285715,0.33035714285714285
45bad,side,1,140,30,3505.0,False,15.480873015873197,66.42476190476214,0.3185714285716017,21.167738530089622,66.10619047619053,66.42476190476214,33.23541269841268,44.68142857142854,0.1479273015873015,0.1987999999999999,0.2,0.26666666666666666
46good,side,0,281,46,9063.0,False,10.939180124223597,33.657142857142844,0.585714285714289,10.280266158330171,33.071428571428555,33.657142857142844,34.06081987577637,44.4142857142857,0.16311559006211168,0.2036571428571427,0.043478260869565216,0.021739130434782608
48good,side,0,409,138,10346.0,False,11.426666666666517,142.2778571428571,-173.95142857142866,29.62862025174164,316.22928571428577,173.95142857142866,34.28245341614906,44.142857142857125,0.13862008281573487,0.2252857142857141,0.32608695652173914,0.0
49good,side,0,335,101,10064.0,False,7.6875530410183845,32.16571428571427,0.2314285714285802,6.812777877843448,31.934285714285693,32.16571428571427,37.31244695898159,44.768571428571406,0.15270862800565757,0.2153142857142856,0.019801980198019802,0.0
50good,side,0,444,93,19242.0,False,11.766774193548384,55.38571428571424,-0.1314285714285858,15.106535102957308,55.51714285714283,55.38571428571424,33.749723502304136,45.13142857142855,0.17796728110599067,0.2264857142857141,0.12903225806451613,0.0
51good,side,0,341,59,8161.0,False,11.543498789346243,35.53142857142856,0.0971428571428703,10.028828404054781,35.43428571428569,35.53142857142856,33.456501210653734,44.90285714285712,0.160077239709443,0.2158857142857141,0.01694915254237288,0.05084745762711865
52good,side,0,302,44,4448.0,False,8.607662337662518,20.580000000000155,-0.0599999999998317,6.700831256077053,20.639999999999986,20.580000000000155,36.392337662337646,45.05999999999998,0.2284472943722942,0.2892857142857141,0.22727272727272727,0.0
53bad,side,1,233,82,4049.0,False,8.058693379790936,39.79714285714283,0.1228571428571285,8.38917648874402,39.6742857142857,39.79714285714283,37.00416376306618,44.87714285714283,0.19571916376306608,0.2814571428571427,0.14634146341463414,0.0
54bad,side,1,303,118,11495.0,False,-0.6129782082324554,147.5777142857142,-178.4342857142858,47.944546138816186,326.012,178.4342857142858,51.70883777239707,223.4342857142856,0.20051622276029044,0.267142857142857,0.1864406779661017,0.0
55good,side,0,262,87,4298.0,False,7.2301149425287345,48.00285714285712,0.4485714285714266,9.072639387679304,47.55428571428569,48.00285714285712,37.90548440065679,44.55142857142855,0.21242183908045967,0.2269999999999999,0.0,0.0
56good,side,0,287,81,7647.0,False,4.637160493827157,31.282857142857125,0.1599999999999966,5.770283124238246,31.12285714285713,31.282857142857125,40.36283950617282,44.839999999999975,0.20698095238095224,0.231942857142857,0.04938271604938271,0.0
57bad,side,1,200,45,2199.0,False,3.4548571428567763,6.791428571428241,-1.0228571428574469,2.2362603457450456,7.814285714285688,6.791428571428241,41.46561904761903,46.02285714285712,0.21391428571428556,0.2741714285714284,0.24444444444444444,0.0
59bad,side,1,368,72,5698.0,False,3.722128684807095,160.61238095238087,-158.88095238095246,36.867249301412244,319.49333333333334,160.61238095238087,41.27787131519272,46.4142857142857,0.20621316137566123,0.2525714285714284,0.08333333333333333,0.041666666666666664
5good,side,0,241,59,6673.0,False,3.646198547215493,9.159999999999997,0.414285714285711,2.336364736869095,8.745714285714286,9.159999999999997,41.353801452784495,44.58571428571426,0.1818920096852299,0.2453999999999999,0.288135593220339,0.0
60good,side,0,338,101,7047.0,False,-7.479787835926447,37.56142857142856,-167.1257142857142,40.22568410435404,204.68714285714276,167.1257142857142,52.47978783592643,212.1257142857142,0.1758090523338047,0.2379714285714284,0.32673267326732675,0.0297029702970297
61good,side,0,252,106,9146.0,False,8.409784366576977,157.09795918367354,-150.81510204081627,27.99294475885833,307.9130612244898,157.09795918367354,36.69857142857141,44.46857142857141,0.19130202156334217,0.238142857142857,0.16037735849056603,0.0
62bad,side,1,209,15,699.0,False,7.730920634920832,13.923174603174743,1.9885714285716176,4.085174096682871,11.934603174603126,13.923174603174743,37.26907936507935,43.01142857142855,0.19092761904761893,0.2496571428571427,0.06666666666666667,0.13333333333333333
63good,side,0,281,75,3698.0,False,-16.331574603174484,179.7485714285715,-179.5057142857142,71.98343741345504,359.2542857142857,179.7485714285715,75.73157460317456,225.25142857142848,0.1557342857142856,0.2143714285714284,0.2,0.13333333333333333
64Good,side,0,328,66,5548.0,False,-17.28640692640679,179.96857142857152,-179.54571428571418,73.1044948118145,359.51428571428573,179.96857142857152,85.89012987012983,225.03142857142845,0.1423566378066377,0.2399714285714284,0.10606060606060606,0.12121212121212122
6good,side,0,254,47,12496.0,False,-28.40361702127649,147.65485714285728,-179.05428571428564,79.4588709381702,326.7091428571429,179.05428571428564,90.4893617021276,224.0542857142856,0.11629908814589658,0.2331142857142856,0.2553191489361702,0.0
7good,side,0,231,88,11341.0,False,-28.269168831168827,161.91020408163251,-175.59999999999997,65.59850696778983,337.5102040816325,175.59999999999997,85.54189610389606,220.60000000000005,0.1475496753246752,0.1962571428571428,0.06818181818181818,0.375
8good,side,0,242,61,3011.0,False,14.009039812646362,34.031428571428535,2.4771428571428658,11.86841774028502,31.55428571428567,34.031428571428535,30.99096018735362,42.52285714285712,0.18130491803278675,0.2399714285714284,0.0,0.0
9bad,side,1,178,41,6373.0,False,19.753449477351907,40.18285714285713,0.6599999999999966,15.174963781455494,39.522857142857134,40.18285714285713,25.246550522648064,44.339999999999975,0.1840708900855241,0.2497714285714284,0.07317073170731707,0.0
10good,front,0,337,75,7900.0,False,2.6236190476190457,6.688571428571436,0.2257142857142753,1.481838598967003,6.46285714285716,6.688571428571436,42.37638095238092,44.77428571428569,0.18879847619047602,0.2240857142857142,0.0,0.0
11good,front,0,418,64,7100.0,False,0.7990178571432125,2.308571428571668,0.2085714285717586,0.4737997725725479,2.0999999999999095,2.308571428571668,44.20098214285713,44.79142857142855,0.18432299107142847,0.2390571428571427,0.0,0.0
12good,front,0,319,60,7200.0,False,1.209666666666836,4.08857142857164,0.1142857142858702,0.8479707956025818,3.97428571428577,4.08857142857164,43.79033333333333,44.88571428571426,0.18133952380952367,0.2326285714285713,0.0,0.0
13bad,front,1,170,38,1850.0,False,0.5689473684210505,1.3714285714285666,0.1742857142857019,0.2775451214709899,1.1971428571428646,1.3714285714285666,44.43105263157892,44.82571428571426,0.16058045112781943,0.193942857142857,0.0,0.0
14good,front,0,380,95,9000.0,False,0.680225563909775,2.765714285714296,0.1828571428571308,0.5798003502857392,2.582857142857165,2.765714285714296,44.319774436090206,44.817142857142834,0.1733061654135337,0.2014857142857141,0.0,0.0
16good,front,0,286,71,7850.0,False,2.2661167002012053,10.3942857142857,0.1314285714285574,3.1138354483711557,10.262857142857143,10.3942857142857,42.73388329979878,44.8685714285714,0.1909814889336015,0.2311999999999999,0.0,0.0
17good,front,0,390,82,7750.0,False,0.7355749128919865,2.2914285714285825,0.1314285714285574,0.45015204786923046,2.160000000000025,2.2914285714285825,44.26442508710799,44.86857142857141,0.20527996515679425,0.2522571428571427,0.0,0.0
18bad,front,1,216,50,2450.0,False,0.5538857142858808,1.5200000000001523,0.1828571428573013,0.32120297103972456,1.337142857142851,1.5200000000001523,44.446114285714266,44.81714285714284,0.2064782857142856,0.2492571428571427,0.0,0.0
19bad,front,1,222,68,4900.0,False,-9.64518143621089,159.0337662337662,-177.8771428571431,54.41102115566128,336.9109090909093,177.8771428571431,70.28689266615733,222.8771428571428,0.18938554621848727,0.4819142857142854,0.1323529411764706,0.014705882352941176
1good,front,0,522,139,17301.0,False,4.26308324768786,56.78571428571468,0.1571428571432989,9.659849008193994,56.628571428571384,56.78571428571468,41.597732100034236,44.84285714285712,0.21233874614594025,0.283142857142857,0.04316546762589928,0.0
20good,front,0,364,67,7550.0,False,0.6129637526654166,2.022857142857333,0.1971428571430351,0.3873147262653414,1.825714285714298,2.022857142857333,44.387036247334734,44.80285714285712,0.1633773987206822,0.2023142857142856,0.0,0.0
21bad,front,1,204,64,5350.0,False,-3.141910714285715,8.208571428571418,-85.30228571428567,16.375321096681926,93.51085714285709,85.30228571428567,48.14191071428569,130.30228571428566,0.17633314732142846,0.2405714285714284,0.015625,0.0
22good,front,0,268,78,7850.0,False,1.7381227106227088,8.759999999999991,0.0428571428571444,2.324554481990595,8.717142857142846,8.759999999999991,43.26187728937727,44.957142857142834,0.20663107448107432,0.2455714285714284,0.0,0.0
23good,front,0,398,62,7650.0,False,1.1786635944702175,2.462857142857274,0.0942857142858883,0.6658011658421643,2.3685714285713857,2.462857142857274,43.821336405529934,44.90571428571427,0.18707834101382478,0.2318285714285713,0.0,0.0
24bad,front,1,235,47,2300.0,False,2.881519756838729,13.159999999999854,0.2342857142855336,3.004023741228034,12.92571428571432,13.159999999999854,42.11848024316107,44.76571428571427,0.1693209726443768,0.2172285714285713,0.0,0.0
25bad,front,1,292,61,3000.0,False,0.6527400468384063,1.6142857142856997,0.1228571428571285,0.3238676028182446,1.491428571428571,1.6142857142856997,44.34725995316158,44.87714285714283,0.15726978922716614,0.2009714285714284,0.0,0.0
26good,front,0,410,71,8858.0,False,0.7866599597587163,2.637142857143033,0.211428571428712,0.5601469998473741,2.425714285714321,2.637142857143033,44.21334004024143,44.7885714285714,0.16523834435182508,0.2007999999999999,0.0,0.0
27bad,front,1,250,59,8550.0,False,5.787578692494117,43.36857142857161,0.1571428571430146,10.921489415476902,43.2114285714286,43.36857142857161,39.349144471347856,44.84285714285713,0.17116529459241314,0.2225999999999999,0.01694915254237288,0.03389830508474576
28good,front,0,345,79,8200.0,False,1.5682459312840784,5.531428571428705,0.2257142857144458,1.1377968954786268,5.305714285714259,5.531428571428705,43.43175406871607,44.77428571428569,0.18863345388788416,0.2220571428571427,0.0,0.0
29bad,front,1,368,61,3002.0,False,1.4100702576114157,3.0114285714287234,0.2514285714287325,0.7087184191924824,2.759999999999991,3.0114285714287234,43.58992974238874,44.74857142857141,0.1778515222482434,0.2251142857142856,0.0,0.0
2good,front,0,237,50,2465.0,False,1.3983142857142832,4.217142857142846,0.1571428571428441,1.0640341511055305,4.060000000000002,4.217142857142846,43.60168571428569,44.84285714285712,0.22546742857142837,0.2732571428571427,0.0,0.0
30good,front,0,389,72,8300.0,False,1.7581051587303347,5.8314285714287735,0.3257142857144117,1.2927975805822585,5.505714285714362,5.8314285714287735,43.24189484126982,44.67428571428569,0.20710297619047605,0.2667999999999998,0.0,0.0
31bad,front,1,316,51,2500.0,False,0.766778711484593,2.405714285714282,0.1828571428571308,0.5059122165636504,2.2228571428571513,2.405714285714282,44.23322128851539,44.817142857142834,0.16860616246498586,0.217942857142857,0.0,0.0
32good,front,0,446,96,9958.0,False,2.0188839285717854,9.545714285714666,0.2314285714289781,2.4680629280218165,9.314285714285688,9.545714285714666,42.98111607142855,44.768571428571406,0.17999791666666654,0.2173142857142856,0.0,0.0
33bad,front,1,145,40,1954.0,False,1.0728571428571414,2.374285714285719,0.3171428571428691,0.519059649690868,2.05714285714285,2.374285714285719,43.92714285714284,44.68285714285712,0.1950235714285713,0.2247999999999999,0.0,0.0
34good,front,0,333,72,7700.0,False,1.0347619047619037,2.4571428571428555,0.1571428571428441,0.6510428541428288,2.3000000000000114,2.4571428571428555,43.965238095238064,44.84285714285713,0.20952817460317444,0.238542857142857,0.0,0.0
35bad,front,1,262,43,5500.0,False,-70.65977549582203,151.11588744588738,-177.33786435786442,67.46383972947831,328.4537518037518,177.33786435786442,114.17551950065435,212.58857142857133,0.07450108728480813,0.1672987012987012,0.3023255813953488,0.27906976744186046
36good,front,0,416,102,11301.0,False,1.015140056022409,3.3628571428571377,0.1057142857142992,0.7112120078409446,3.2571428571428385,3.3628571428571377,43.984859943977575,44.89428571428569,0.17833991596638643,0.2251142857142856,0.0,0.0
37bad,front,1,218,44,2150.0,False,1.459350649350648,3.125714285714281,0.3028571428571354,0.6414343394471984,2.8228571428571456,3.125714285714281,43.540649350649325,44.69714285714284,0.1908279220779219,0.2192857142857141,0.0,0.0
38good,front,0,342,84,8450.0,False,1.321462585034012,3.334285714285727,0.1571428571428441,0.8039004367947904,3.177142857142883,3.334285714285727,43.67853741496596,44.84285714285712,0.18721836734693864,0.2207142857142855,0.0,0.0
40bad,front,1,119,18,850.0,False,1.1674603174603153,2.037142857142868,0.5314285714285631,0.3662170112010799,1.5057142857143049,2.037142857142868,43.83253968253966,44.46857142857141,0.19266190476190465,0.217742857142857,0.0,0.0
41good,front,0,301,53,9409.0,False,0.9956334231805928,2.5200000000000102,0.1714285714285779,0.6793707504517815,2.3485714285714323,2.5200000000000102,44.004366576819386,44.82857142857141,0.20926684636118584,0.288942857142857,0.0,0.0
42good,front,0,395,83,7813.0,False,0.9367297762474713,2.425714285713866,0.1857142857138569,0.5925103107948849,2.240000000000009,2.425714285713866,44.063270223752134,44.81428571428569,0.19021428571428556,0.2239142857142856,0.0,0.0
44good,front,0,525,113,16851.0,False,-7.20966227198861,36.64448979591836,-178.4971428571428,31.460008487003705,215.14163265306115,178.4971428571428,52.89234242369512,223.4971428571428,0.1680317319848292,0.2404571428571427,0.07079646017699115,0.008849557522123894
45bad,front,1,182,32,3350.0,False,3.483526785714286,9.925714285714292,0.4799999999999897,3.0322765978389405,9.445714285714303,9.925714285714292,41.346339285714265,44.519999999999975,0.17547767857142843,0.2309999999999999,0.21875,0.0
46good,front,0,326,70,9150.0,False,1.2090408163265292,3.36571428571429,0.2142857142857224,0.8170285692792826,3.1514285714285677,3.36571428571429,43.79095918367345,44.78571428571426,0.17117061224489785,0.2212285714285713,0.0,0.0
47good,front,0,470,137,18251.0,False,2.856402502607037,30.90857142857141,-28.248928571428564,5.677824915479358,59.15749999999997,30.90857142857141,42.143597497393095,73.24892857142854,0.19595912408759114,0.2634285714285713,0.06569343065693431,0.0072992700729927005
48good,front,0,368,107,11500.0,False,2.354566088117666,4.911428571428814,0.1914285714287302,1.6201268850761454,4.720000000000084,4.911428571428814,42.64543391188249,44.80857142857141,0.20790413885180226,0.2603142857142856,0.0,0.0
49good,front,0,382,89,9659.0,False,1.4830818619584394,5.222857142857265,0.2571428571430374,1.1304959117313949,4.965714285714228,5.222857142857265,43.51691813804172,44.74285714285712,0.19902664526484737,0.2507714285714285,0.0,0.0
50good,front,0,414,140,11451.0,False,1.8718367346936882,4.665714285714103,0.1228571428569011,1.3789666513381134,4.542857142857202,4.665714285714103,43.1281632653061,44.87714285714283,0.2181485714285713,0.2846285714285712,0.0,0.0
51good,front,0,356,63,8200.0,False,1.2414965986394564,3.251428571428562,0.1914285714285597,0.7868069247522824,3.0600000000000023,3.251428571428562,43.75850340136053,44.808571428571405,0.16754467120181396,0.2168571428571427,0.0,0.0
52good,front,0,273,68,7861.0,False,0.9748319327731084,2.594285714285718,0.1714285714285779,0.6770233279752698,2.42285714285714,2.594285714285718,44.025168067226865,44.82857142857141,0.16486134453781498,0.1956571428571427,0.0,0.0
53bad,front,1,228,34,3855.0,False,1.2533613445378147,3.039999999999992,0.248571428571438,0.7854750428642776,2.791428571428554,3.039999999999992,43.746638655462164,44.75142857142856,0.14310672268907554,0.1997714285714285,0.0,0.0
54bad,front,1,201,29,3003.0,False,1.2057635467980272,3.6999999999999886,0.0742857142857076,0.8902990073899695,3.625714285714281,3.6999999999999886,43.79423645320195,44.92571428571426,0.1361576354679802,0.1905142857142858,0.0,0.0
55good,front,0,222,40,1953.0,False,1.5017500000000006,4.171428571428578,0.1999999999999886,0.9286887962362131,3.9714285714285893,4.171428571428578,43.55617857142855,44.799999999999976,0.11576535714285704,0.193742857142857,0.0,0.0
56good,front,0,240,71,6909.0,False,1.760442655935612,7.565714285714279,0.2428571428571331,1.6583817077862608,7.322857142857146,7.565714285714279,43.239557344064366,44.75714285714284,0.1266106639839033,0.1583142857142856,0.04225352112676056,0.0
57bad,front,1,131,18,851.0,False,1.880793650793458,4.265714285714125,0.0485714285712219,1.1310782946271964,4.217142857142903,4.265714285714125,43.11920634920634,44.95142857142855,0.1567285714285713,0.182142857142857,0.0,0.0
59bad,front,1,305,20,951.0,False,1.2005714285714262,3.031428571428563,0.1399999999999863,0.9570311235422646,2.891428571428577,3.031428571428563,43.79942857142855,44.85999999999998,0.1438085714285713,0.1644571428571428,0.0,0.0
5good,front,0,308,71,7058.0,False,0.85788732394366,2.842857142857156,0.1228571428571285,0.6009365314403267,2.7200000000000273,2.842857142857156,44.14211267605631,44.87714285714284,0.21358511066398375,0.2894571428571427,0.0,0.0
60good,front,0,184,41,2003.0,False,2.342543554006965,5.737142857142857,0.3685714285714425,1.5362112987169525,5.368571428571414,5.737142857142857,42.65745644599301,44.63142857142855,0.12038432055749118,0.2163999999999999,0.0,0.0
61good,front,0,242,69,10815.0,False,3.54726708074534,17.87428571428569,0.1342857142857099,3.9847874194649067,17.73999999999998,17.87428571428569,41.45273291925464,44.86571428571426,0.12129482401656302,0.1984285714285713,0.014492753623188406,0.0
62bad,front,1,156,19,902.0,False,1.4221052631580584,2.1542857142858907,0.6742857142858725,0.49983384278204795,1.4800000000000182,2.1542857142858907,43.57789473684209,44.32571428571426,0.14929022556390967,0.1762571428571427,0.0,0.0
63good,front,0,171,80,3956.0,False,1.4746428571428567,3.78857142857143,0.377142857142843,0.897520264197302,3.411428571428587,3.78857142857143,43.52535714285712,44.62285714285712,0.14981271428571416,0.1654857142857142,0.0,0.0
64good,front,0,245,70,5858.0,False,1.6830204081632656,3.73142857142858,0.4085714285714346,0.8207543706452517,3.3228571428571456,3.73142857142858,43.316979591836706,44.59142857142855,0.14546530612244885,0.1949238095238095,0.0,0.0
6good,front,0,259,45,2197.0,False,0.7092698412698408,1.8628571428571377,0.1114285714285756,0.3817079149763943,1.751428571428562,1.8628571428571377,44.29073015873014,44.8885714285714,0.3071447619047618,0.3537428571428569,0.0,0.0
7good,front,0,351,69,6806.0,False,2.2439751552795006,6.702857142857141,0.4057142857142821,1.6553476379585377,6.297142857142859,6.702857142857141,42.75602484472048,44.59428571428569,0.17209151138716347,0.2050571428571427,0.0,0.0
8good,front,0,325,87,6800.0,False,1.3548932676520657,3.2628571428573423,0.1057142857144413,0.7519309072847388,3.157142857142901,3.2628571428573423,43.64510673234809,44.89428571428569,0.1879026272577996,0.2261714285714284,0.0,0.0
9bad,front,1,213,37,1800.0,False,3.096138996138993,5.997142857142848,0.4914285714285711,1.720236129999365,5.5057142857142765,5.997142857142848,41.90386100386098,44.50857142857141,0.18022239382239366,0.2252857142857142,0.0,0.0
10good,angle45,0,373,79,8098.0,False,3.8185352622061455,14.645714285714291,0.2314285714285802,4.018395107310452,14.414285714285711,14.645714285714291,41.18146473779384,44.768571428571406,0.19631790235081362,0.2286285714285713,0.0,0.0
11good,angle45,0,359,64,7099.0,False,6.046882440476189,18.551428571428573,0.2285714285714277,5.58874485967124,18.322857142857146,18.551428571428573,38.95311755952379,44.771428571428544,0.20198147321428558,0.2299714285714285,0.0,0.0
12good,angle45,0,323,57,7049.0,False,6.446365914786966,16.599999999999994,0.1971428571428646,5.096363091545255,16.40285714285713,16.599999999999994,38.55363408521301,44.80285714285712,0.2000005012531327,0.2317714285714284,0.0,0.0
13bad,angle45,1,205,51,6449.0,False,-16.28843137254901,14.257142857142838,-114.68285714285707,38.71225908691771,128.9399999999999,114.68285714285707,65.33324929971987,164.35999999999996,0.15229654528478048,0.2068285714285713,0.0196078431372549,0.0784313725490196
14good,angle45,0,375,70,7798.0,False,3.3823265306122443,10.97999999999999,0.3914285714285768,3.0495955747111902,10.588571428571413,10.97999999999999,41.61767346938774,44.60857142857141,0.18005755102040805,0.2055999999999999,0.0,0.0
16good,angle45,0,284,63,7449.0,False,4.358253968253967,21.15428571428572,-0.5942857142857179,4.907105123275688,21.748571428571438,21.15428571428572,40.59934240362811,45.59428571428569,0.18730725623582756,0.225542857142857,0.07936507936507936,0.0
17good,angle45,0,413,76,7799.0,False,6.741879699248479,24.688571428571663,0.2428571428574741,6.873412817993631,24.44571428571419,24.688571428571663,38.258120300751855,44.75714285714283,0.21438026315789463,0.2535999999999998,0.013157894736842105,0.0
18bad,angle45,1,203,59,2900.0,False,7.758305084745759,22.388571428571424,0.5342857142857156,6.806426705982061,21.85428571428571,22.388571428571424,37.24169491525423,44.46571428571426,0.21339661016949135,0.2454857142857141,0.0,0.0
19bad,angle45,1,162,51,2500.0,False,6.058039215686274,19.708571428571418,0.71142857142857,5.41529070008372,18.997142857142848,19.708571428571418,38.941960784313714,44.28857142857141,0.19583137254901953,0.2250857142857141,0.0,0.0
1good,angle45,0,152,49,2400.0,False,5.782623906705534,19.014285714285705,1.6428571428571388,3.9600750961113045,17.371428571428567,19.014285714285705,39.21737609329444,43.35714285714285,0.20837784256559752,0.2406857142857141,0.0,0.0
20good,angle45,0,362,71,7798.0,False,4.192354124748489,14.828571428571422,0.325714285714298,3.714063696257721,14.502857142857124,14.828571428571422,40.807645875251495,44.674285714285695,0.17914205231388317,0.2105999999999999,0.0,0.0
21bad,angle45,1,182,47,2299.0,False,4.961094224924012,17.728571428571428,0.2428571428571331,4.625202230287111,17.485714285714295,17.728571428571428,40.03890577507596,44.75714285714284,0.20512765957446794,0.2419999999999998,0.0,0.0
22good,angle45,0,338,79,7899.0,False,4.5356781193490034,21.54571428571427,0.1971428571428646,6.106359749182019,21.348571428571404,21.54571428571427,40.46432188065099,44.80285714285712,0.2053515370705243,0.234142857142857,0.06329113924050633,0.0
23good,angle45,0,362,53,8048.0,False,7.641840071877804,19.208571428571418,-2.125714285714281,5.956254621188345,21.3342857142857,19.208571428571418,37.35815992812217,47.12571428571427,0.20111778975741226,0.2414571428571427,0.05660377358490566,0.0
24bad,angle45,1,221,73,3599.0,False,12.754227005870835,47.271428571428544,0.6800000000000068,9.284297836341889,46.59142857142854,47.271428571428544,32.30769080234832,44.31999999999998,0.18423737769080223,0.243142857142857,0.0821917808219178,0.0
25bad,angle45,1,236,56,2749.0,False,5.5891836734693845,17.52857142857141,1.4571428571428555,4.29237694102808,16.071428571428555,17.52857142857141,39.41081632653059,43.54285714285712,0.17790204081632646,0.2047999999999999,0.0,0.0
26good,angle45,0,425,74,8999.0,False,4.256409266409441,13.04571428571444,0.3428571428572695,3.4885408883701867,12.702857142857171,13.04571428571444,40.743590733590715,44.65714285714283,0.18280231660231647,0.2036571428571427,0.0,0.0
27bad,angle45,1,148,53,5249.0,False,1.5483018867924512,30.242857142857133,-89.33885714285711,18.49963720348709,119.58171428571424,89.33885714285711,43.451698113207534,134.33885714285708,0.1884673854447438,0.2308571428571427,0.0,0.0
28good,angle45,0,342,63,7399.0,False,4.002857142857141,13.662857142857147,0.1485714285714152,4.033564894866589,13.514285714285732,13.662857142857147,40.99714285714283,44.85142857142854,0.19702448979591822,0.2302857142857141,0.0,0.0
29bad,angle45,1,385,63,13298.0,False,19.22664399092969,65.45714285714283,0.4114285714285586,18.209668477440434,65.04571428571427,65.45714285714283,27.58024943310656,44.588571428571406,0.18254829931972777,0.2368857142857141,0.19047619047619047,0.0
2good,angle45,0,275,64,13148.0,False,7.949999999999998,30.77142857142857,0.6371428571428623,6.733997095665077,30.134285714285706,30.77142857142857,37.04999999999998,44.36285714285712,0.198404107142857,0.2358571428571427,0.046875,0.0625
30good,angle45,0,366,94,11798.0,False,8.057313069908808,36.14285714285711,0.1828571428571308,8.824301593263685,35.95999999999998,36.14285714285711,36.903613981762895,44.817142857142834,0.20937203647416391,0.2444285714285713,0.0,0.0
31bad,angle45,1,307,65,11299.0,False,9.000404395604221,142.07224489795908,-167.0244897959185,37.54582017545123,309.0967346938776,167.0244897959185,31.175736263736244,43.60571428571426,0.1727551648351647,0.2114285714285713,0.0,0.0
32good,angle45,0,478,86,9399.0,False,3.1732558139531073,12.885714285713902,0.1199999999996634,3.7798689589712793,12.765714285714239,12.885714285713902,41.8267441860465,44.87999999999998,0.1785019933554816,0.2124857142857141,0.0,0.0
33bad,angle45,1,92,16,750.0,False,34.094999999999985,79.55999999999995,5.2085714285714175,21.13074011858513,74.35142857142853,79.55999999999995,18.917089285714276,39.79142857142856,0.13734285714285704,0.1972285714285713,0.0,0.0
34good,angle45,0,370,97,12648.0,False,3.624865979381443,17.24000000000001,0.1571428571428441,4.231961424661927,17.082857142857165,17.24000000000001,41.37513402061854,44.84285714285712,0.19345721649484518,0.2296285714285713,0.0,0.0
35bad,angle45,1,403,120,15348.0,False,9.180984325396905,167.97365079365073,-136.65904761904767,27.117209325848478,304.6326984126984,167.97365079365073,35.0531976190476,89.77571428571426,0.1691317857142856,0.2113714285714284,0.075,0.0
36good,angle45,0,475,101,11248.0,False,3.8895756718528967,14.525714285714288,0.0999999999999943,3.6526221226336535,14.425714285714294,14.525714285714288,41.11042432814708,44.89999999999998,0.18298585572842987,0.2092285714285713,0.039603960396039604,0.0
37bad,angle45,1,258,82,4049.0,False,5.7866550522648055,20.87428571428569,0.3599999999999852,5.129120024463426,20.514285714285705,20.87428571428569,39.213344947735166,44.63999999999997,0.1803736933797908,0.2265714285714284,0.0,0.036585365853658534
38good,angle45,0,382,83,8398.0,False,3.2017039586920895,12.168571428571624,0.1914285714287302,3.2228904866580756,11.977142857142894,12.168571428571624,41.79829604130807,44.80857142857141,0.20016282271944907,0.230942857142857,0.0,0.0
40bad,angle45,1,160,16,750.0,False,7.049642857142851,12.694285714285712,2.617142857142852,3.3960489047222655,10.07714285714286,12.694285714285712,37.95035714285712,42.38285714285712,0.20064999999999988,0.2211999999999999,0.0,0.0
41good,angle45,0,324,52,11948.0,False,19.972006512006562,152.63195767195782,0.6085714285714232,38.0036100047095,152.0233862433864,152.63195767195782,38.95977793040291,44.39142857142855,0.1801489403453688,0.2354285714285713,0.057692307692307696,0.11538461538461539
42good,angle45,0,385,93,13147.0,False,3.78437788018433,12.965714285714284,0.1228571428571285,3.7662183208091298,12.842857142857156,12.965714285714284,41.21562211981564,44.87714285714283,0.18207526881720415,0.2192857142857142,0.08602150537634409,0.0
44good,angle45,0,573,136,17093.0,False,-1.3463970588237018,150.86285714285702,-178.81714285714293,44.76896754462333,329.67999999999995,178.81714285714293,51.64051470588232,223.8171428571428,0.17139978991596627,0.2190571428571427,0.014705882352941176,0.0
45bad,angle45,1,177,17,800.0,False,3.3646218487394925,9.591428571428564,-0.3371428571428509,2.620178073211335,9.928571428571415,9.591428571428564,41.63537815126048,45.33714285714284,0.15388067226890745,0.1759714285714285,0.0,0.0
46good,angle45,0,397,86,13944.0,False,11.867801771871381,74.63714285714283,0.3228571428569466,16.33962238762395,74.31428571428589,74.63714285714283,35.853560354374295,44.67714285714283,0.14581877076411953,0.1821714285714284,0.13953488372093023,0.0
47good,angle45,0,313,86,15321.0,False,8.105192691029899,60.3365714285714,0.3142857142857167,12.09437399054525,60.02228571428569,60.3365714285714,37.67142192691027,44.68571428571427,0.1634223698781837,0.3511999999999998,0.1744186046511628,0.0
48good,angle45,0,337,82,8913.0,False,7.640905923344947,10.07714285714286,2.5914285714285654,2.0688850644145513,7.485714285714295,10.07714285714286,37.35909407665504,42.408571428571406,0.3288357142857141,0.3570571428571426,1.0,0.0
49good,angle45,0,422,79,14644.0,False,13.083670886075943,70.83142857142855,0.8799999999999955,16.28746109785677,69.95142857142855,70.83142857142855,34.75942133815549,44.11999999999998,0.1496014466546111,0.1819999999999999,0.12658227848101267,0.0
50good,angle45,0,367,89,12066.0,False,9.087929373996783,72.53999999999996,-63.40928571428569,15.302576226699895,135.94928571428565,72.53999999999996,37.91229534510431,59.71928571428568,0.13829181380417324,0.2491142857142856,0.056179775280898875,0.0
51good,angle45,0,415,113,12745.0,False,-13.203185840708118,173.19428571428568,-174.31142857142868,73.2934125678536,347.50571428571436,174.31142857142868,73.58311757269277,195.18285714285705,0.14418445006321104,0.2145142857142856,0.1504424778761062,0.0
52good,angle45,0,163,20,950.0,False,4.755857142857138,9.91142857142856,0.07714285714286,2.7099285482468716,9.8342857142857,9.91142857142856,40.24414285714283,44.922857142857126,0.18165428571428557,0.2055714285714285,0.0,0.0
53bad,angle45,1,226,31,1500.0,False,11.063640552995388,26.80857142857141,1.3142857142857167,8.295316069055996,25.49428571428569,26.80857142857141,33.9363594470046,43.68571428571427,0.1642009216589861,0.2057714285714285,0.0,0.0
54bad,angle45,1,240,19,901.0,False,4.1929323308270625,12.917142857142837,0.9714285714285608,4.048761112651705,11.945714285714276,12.917142857142837,40.80706766917291,44.02857142857141,0.1753563909774435,0.2083999999999998,0.0,0.0
55good,angle45,0,275,46,2250.0,False,12.887531055900613,31.29714285714283,-0.1742857142857019,10.267205323944923,31.471428571428532,31.29714285714283,31.906754658385076,45.174285714285695,0.16592826086956514,0.1857142857142856,0.17391304347826086,0.021739130434782608
56good,angle45,0,253,17,800.0,False,4.030588235294118,7.857142857142861,0.3057142857142878,3.1873976597746037,7.551428571428573,7.857142857142861,40.96941176470586,44.6942857142857,0.1320487394957982,0.1548857142857142,0.0,0.0
57bad,angle45,1,216,29,1400.0,False,10.011740558291903,41.360952380952085,0.3028571428567375,12.17108545918866,41.05809523809535,41.360952380952085,35.24310344827584,44.69714285714284,0.16770443349753686,0.2104571428571427,0.034482758620689655,0.06896551724137931
59bad,angle45,1,325,34,1650.0,False,9.665714285714284,20.539999999999992,1.0628571428571547,7.317160690387686,19.477142857142837,20.539999999999992,35.3342857142857,43.93714285714283,0.1553100840336133,0.2060285714285713,0.0,0.0
5good,angle45,0,293,71,7049.0,False,5.508571428571424,20.651428571428568,0.1742857142857019,5.958146543179072,20.477142857142866,20.651428571428568,39.49142857142855,44.825714285714255,0.20369537223340028,0.227942857142857,0.0,0.0
60good,angle45,0,378,103,8800.0,False,7.2085159500693425,57.03714285714284,-1.1571428571428726,11.216312360123304,58.19428571428571,57.03714285714284,38.22260748959776,46.15714285714284,0.1575950069348126,0.1836571428571427,0.02912621359223301,0.0
61good,angle45,0,300,50,7700.0,False,5.132014285714284,20.454999999999984,0.3028571428571354,4.769116707627359,20.15214285714285,20.454999999999984,39.867985714285695,44.69714285714284,0.1511338095238094,0.1782571428571427,0.02,0.0
62bad,angle45,1,186,30,1450.0,False,8.264285714285881,18.408571428571577,2.211428571428769,6.0549752953156215,16.197142857142808,18.408571428571577,36.735714285714266,42.788571428571416,0.16604190476190464,0.2054571428571427,0.0,0.0
63good,angle45,0,241,45,9400.0,False,-4.475269841269873,173.12642857142845,-130.85000000000014,46.69607029618187,303.9764285714286,173.12642857142845,68.14193650793649,175.8499999999999,0.14678718065003765,0.1811714285714284,0.022222222222222223,0.15555555555555556
64good,angle45,0,359,76,6150.0,False,5.304793233082705,24.50857142857143,0.2657142857142958,6.533230772292093,24.242857142857133,24.50857142857143,39.69520676691727,44.73428571428569,0.15644661654135325,0.1741714285714284,0.0,0.0
6good,angle45,0,321,67,7149.0,False,5.544051172707885,17.94285714285712,0.162857142857149,5.151051822877561,17.779999999999973,17.94285714285712,39.4559488272921,44.83714285714284,0.20454008528784634,0.2300857142857141,0.0,0.0
7good,angle45,0,364,69,6849.0,False,4.262629399586098,18.43428571428592,0.4714285714287598,4.109654655638771,17.96285714285716,18.43428571428592,40.73737060041406,44.52857142857141,0.18718364389233946,0.209342857142857,0.0,0.0
8good,angle45,0,268,67,5849.0,False,4.54377398720682,17.908571428571406,-0.0057142857142764,3.9741569376452937,17.914285714285683,17.908571428571406,40.45622601279315,45.00571428571426,0.18893667377398712,0.2179714285714284,0.014925373134328358,0.0
9bad,angle45,1,223,26,1249.0,False,8.707362637362634,17.188571428571436,0.5628571428571547,6.182519038713123,16.62571428571428,17.188571428571436,36.29263736263735,44.43714285714283,0.19429670329670318,0.2295142857142856,0.0,0.0
