frame_id,left_shoulder_x,left_shoulder_y,left_shoulder_visibility,right_shoulder_x,right_shoulder_y,right_shoulder_visibility,left_hip_x,left_hip_y,left_hip_visibility,right_hip_x,right_hip_y,right_hip_visibility,fps,low_visibility
0,0.5166345224494028,0.4326387012288685,0.0,0.5276096633502418,0.4362741517169137,0.0,0.46711236735184974,0.543823565755572,0.0,0.46562603612740855,0.5558898463135673,0.0,59.78358881875564,1
1,0.5186851705823629,0.43217841003622337,0.9992809891700745,0.526882554803576,0.4358242175408774,0.999744713306427,0.4648245296307972,0.5404375621250702,0.9981720447540283,0.4607168989522119,0.5500370689800806,0.997648298740387,59.78358881875564,0
2,0.52024582028389,0.42976755755288276,0.9991698861122131,0.526108937604087,0.43337877733366853,0.9997500777244568,0.46319538780621117,0.5370374747685028,0.9982532858848572,0.4574202362980164,0.5452236916337694,0.9978070259094238,59.78358881875564,0
3,0.5213164715539845,0.4254061437788467,0.9990110993385315,0.5252888117517748,0.42893783109528716,0.9997406005859375,0.4622249418780921,0.5336233036858699,0.9982839822769165,0.45573604816482216,0.541449714274634,0.9978777766227722,59.78358881875564,0
4,0.5224045940807892,0.4186543155284158,0.9988120198249817,0.5242635409037276,0.4216129737240931,0.999718189239502,0.4616146201179145,0.5291634627750946,0.9983410239219666,0.4549103847571786,0.5374949091956733,0.9979945421218872,59.78358881875564,0
5,0.5219314240273979,0.4101923434507282,0.9984580278396606,0.5234436023802989,0.41304443989481276,0.9996991157531738,0.46210354282742494,0.526274042470115,0.9983844757080078,0.45758147750582046,0.5364043684232807,0.9981242418289185,59.78358881875564,0
6,0.5207793372018001,0.4015722189630784,0.9982742071151733,0.5227491685322356,0.4054799931389948,0.9996942281723022,0.46318580281166843,0.5251940829413282,0.9984051585197449,0.46093580978257354,0.5374566430137275,0.9982323050498962,59.78358881875564,0
7,0.5193608318056383,0.392907669146856,0.9979245066642761,0.521632279668536,0.39903169728460797,0.9996838569641113,0.4651459739321758,0.5242894717625214,0.9984076023101807,0.4642683253401806,0.5379165751593458,0.9983275532722473,59.78358881875564,0
8,0.5177038709322616,0.384908321357909,0.9976512789726257,0.5194171837397988,0.39314361129488296,0.9996750354766846,0.468548736401967,0.5227673990385877,0.9983470439910889,0.4670939417112445,0.5369910313969571,0.9983752369880676,59.78358881875564,0
9,0.5151762082463223,0.3771376325970608,0.9974443316459656,0.5166712318147936,0.38670959075291983,0.9996358752250671,0.4722507794698083,0.5201893732661297,0.9983246922492981,0.46978657728149814,0.5340483500843961,0.998416543006897,59.78358881875564,0
10,0.512852958270482,0.36859233748345177,0.9975187182426453,0.5144129934765048,0.37783323866980445,0.9996160864830017,0.47649052313395945,0.5143302423613416,0.9983788132667542,0.4732488989830021,0.5273835261662805,0.9984657168388367,59.78358881875564,0
11,0.5091912334873567,0.3600218565691088,0.9975311160087585,0.5128817643438071,0.3678295030480342,0.9995814561843872,0.4804274695260188,0.5079142763501125,0.9983013272285461,0.4774487941038045,0.5206645613624941,0.9984344840049744,59.78358881875564,0
12,0.5045469658715388,0.3528202658607849,0.9976304769515991,0.5120051588330954,0.3583965840793794,0.999586284160614,0.48356593932424313,0.504086031800225,0.9981698393821716,0.48231600579761363,0.5160793690454396,0.9983504414558411,59.78358881875564,0
13,0.4998712880270826,0.3458936143489114,0.9977227449417114,0.5106995503107711,0.3490610136872249,0.9995921850204468,0.4856759338151845,0.5013534455072316,0.9979307651519775,0.48678583474386344,0.5114871703443078,0.9981928467750549,59.78358881875564,0
14,0.4950178293954762,0.3395322121324996,0.9977244734764099,0.5080361735253112,0.3409345277718138,0.9995896816253662,0.4869167464120051,0.4982278063183743,0.9976738095283508,0.4918875566550667,0.5073582771278566,0.9981254935264587,59.78358881875564,0
15,0.49128535106068605,0.33314066699573,0.9976232051849365,0.5035569596858256,0.3334138407593684,0.9995927214622498,0.4883095082782567,0.49468353248777885,0.9974868297576904,0.4958200554052993,0.5031141056900936,0.9981173276901245,59.78358881875564,0
16,0.4885137677192692,0.326162561064675,0.9976769089698792,0.49948765834172604,0.32547722969736403,0.9996196627616882,0.49050327567827173,0.48910264741806797,0.997485876083374,0.499397497801554,0.4955928907507946,0.9982218146324158,59.78358881875564,0
17,0.4857266091165093,0.31902961645807565,0.9976125955581665,0.49517546239353405,0.31759335029692903,0.9996102452278137,0.493461702551161,0.4836197779292156,0.99720299243927,0.5006129457837063,0.48795549074808797,0.9980854988098145,59.78358881875564,0
18,0.48301406843321704,0.3123019124780385,0.997470498085022,0.49087032675743136,0.3093956737291248,0.9995741844177246,0.4961163117772061,0.48012212628410017,0.9971054196357727,0.4999054343927478,0.48235910421326084,0.9979193210601807,59.78358881875564,0
19,0.47974461884725705,0.3043705523014071,0.9969188570976257,0.487292975187302,0.3002692262331647,0.9995306730270386,0.4965284991832011,0.47398941715558407,0.9968924522399902,0.4983451408999311,0.4723465996129176,0.997528612613678,59.78358881875564,0
20,0.47691445975076624,0.2982641330787116,0.9964926242828369,0.484072783163616,0.2925345273244951,0.9994211792945862,0.49674863474709685,0.46745483080546096,0.9966199994087219,0.49751594946498,0.463970053763617,0.9968008399009705,59.78358881875564,0
21,0.476537223373141,0.2936577697594963,0.9961779117584229,0.48043054058438295,0.28712157408396427,0.9993582963943481,0.4991063220160352,0.46039604147275326,0.9963420033454895,0.4959253115313398,0.4586836965311145,0.9963037371635437,59.78358881875564,0
22,0.4777883518309824,0.2923826532704492,0.9959952235221863,0.4780063444659827,0.285764181897754,0.9993381500244141,0.5019165589695889,0.45528825124104855,0.9956948161125183,0.49551064911342846,0.45597997591609085,0.9957564473152161,59.78358881875564,0
23,0.47992452695256227,0.2924503144763767,0.9953359365463257,0.4759674242564614,0.2866939235301247,0.9992280602455139,0.5053107624962221,0.4545161695707416,0.9940363764762878,0.49486525569643336,0.4570439543042868,0.9937183856964111,59.78358881875564,0
24,0.48082512900942886,0.2931645782220934,0.9940687417984009,0.4737227516514918,0.28901833295822166,0.9990913271903992,0.5063012568723592,0.4562266894749236,0.9923844337463379,0.4942933207466492,0.46085745805785805,0.9933165311813354,59.78358881875564,0
25,0.47977809253193127,0.2932101771945047,0.9936039447784424,0.47524963816007015,0.2912271959441051,0.9990362524986267,0.5030582972935271,0.45713277090163495,0.9912844896316528,0.4941323839482811,0.46166339090892283,0.9933675527572632,59.78358881875564,0
26,0.4786704509031208,0.2939332652659645,0.993419349193573,0.47785934522038453,0.29353821845281713,0.9988276958465576,0.4983060388338002,0.459432613281977,0.9900529384613037,0.4930234196640201,0.464022075846082,0.9933008551597595,59.78358881875564,0
27,0.4768537510009043,0.2940921882788342,0.9925299882888794,0.4844441115856175,0.29566911998249257,0.9985912442207336,0.4938838368370424,0.4601172762257716,0.9888831377029419,0.49205755194028256,0.4650352086339682,0.9933543801307678,59.78358881875564,0
28,0.47543819603465887,0.2981534657024204,0.9917418360710144,0.4934042819908691,0.2990230080627262,0.998516857624054,0.4905808411893395,0.46201702384721705,0.9874629974365234,0.49106138376962616,0.46633746084712835,0.9934501647949219,59.78358881875564,0
29,0.4742439516953063,0.30412927553767277,0.9920499920845032,0.5018471408457987,0.29954990602674963,0.9982457756996155,0.4886371833937513,0.4679333964983626,0.9874500632286072,0.4893121449720296,0.46991672828083986,0.9935053586959839,59.78358881875564,0
30,0.4717922125543871,0.30851346538180424,0.9926630854606628,0.5127617035593309,0.2929080086094995,0.9983125925064087,0.48587810141699694,0.47175564794313374,0.9883050918579102,0.4932262713000892,0.4680040109725229,0.9939923882484436,59.78358881875564,0
31,0.4700483041150233,0.3140878620601838,0.9931536316871643,0.5189650200662163,0.29560631513595603,0.9983505606651306,0.48321718261355484,0.4781200942539037,0.9886680841445923,0.49539321235248057,0.4704486543223975,0.994351863861084,59.78358881875564,0
32,0.4722535439899993,0.3223309332416173,0.9935728907585144,0.5154477726845519,0.30784213401022437,0.9984568953514099,0.48137969913936834,0.4843407344250456,0.9896121025085449,0.4935846754482818,0.4777502247265411,0.9948813915252686,59.78358881875564,0
33,0.47905947764714596,0.32778624409721036,0.9938275218009949,0.5076497736431308,0.3240964767478764,0.9984602332115173,0.4817071727343972,0.487793007067272,0.9904736280441284,0.4894882327034364,0.4851002082938244,0.9953699111938477,59.78358881875564,0
34,0.4880699799174358,0.33603935014633934,0.9943749308586121,0.4965204270113086,0.3451133129142583,0.9985862374305725,0.4841205491906125,0.4897747550691881,0.9914035201072693,0.4832621046475006,0.49449024739719616,0.9958315491676331,59.78358881875564,0
35,0.49667027876490677,0.3405201605388099,0.9946946501731873,0.4862105945746108,0.35939604469708064,0.998582661151886,0.4868814562048235,0.49056818513643213,0.9920923113822937,0.47633225009554947,0.5016230330580761,0.9962368011474609,59.78358881875564,0
36,0.502399739764986,0.3427948171184179,0.9946761727333069,0.483968263580686,0.36122159446988816,0.9983563423156738,0.4884624353476937,0.4884342097100761,0.9925123453140259,0.47602093077841295,0.5006103685923989,0.9965826869010925,59.78358881875564,0
37,0.5045497502599448,0.3468475668203266,0.9950162768363953,0.482423814989272,0.3680786334332969,0.998363733291626,0.48937434383801093,0.4914703312374301,0.9931365251541138,0.4755176334154042,0.5023203108991899,0.996916651725769,59.78358881875564,0
38,0.504408507120042,0.3550408241294682,0.9951714277267456,0.48158360662914496,0.3728877419517157,0.9984241724014282,0.49005870308194877,0.5001491166296463,0.9936957955360413,0.47479598295121006,0.5057931769461863,0.997218906879425,59.78358881875564,0
39,0.5041915944644387,0.36506622603961425,0.9948513507843018,0.482093263240088,0.3751029457364767,0.9983615279197693,0.4890389967532389,0.5077563637778877,0.9940776228904724,0.47430977225303694,0.5096596862588614,0.997482419013977,59.78358881875564,0
40,0.5035393607048766,0.3768917407308309,0.9948692917823792,0.48263581309999776,0.3784730661483041,0.9984553456306458,0.4871413523242591,0.5172730003084459,0.9946205615997314,0.4734737958226889,0.5148229911213833,0.9977317452430725,59.78358881875564,0
41,0.5026504369009113,0.383812609173003,0.9947936534881592,0.48368462210609836,0.3808984188806446,0.9984440803527832,0.4849568548656649,0.5225614422843574,0.9950577020645142,0.47225938950266194,0.5172985479945232,0.9979462027549744,59.78358881875564,0
42,0.5015100524539043,0.3891338138353261,0.9944561719894409,0.4846504813148866,0.38253785173098276,0.9984166026115417,0.48289495280810807,0.5244175252460302,0.9954239130020142,0.4716307038352607,0.5189280566715063,0.9981362819671631,59.78358881875564,0
43,0.5028210963521689,0.39327638631775297,0.9940527677536011,0.4840459894566313,0.3862553565275104,0.998116135597229,0.4820748723688584,0.5247552224567963,0.9957793354988098,0.47102913118544115,0.5197059313456223,0.9982961416244507,59.78358881875564,0
44,0.5045644640922551,0.39559083325522315,0.9942110180854797,0.48320198910576995,0.3874684671560926,0.9980940818786621,0.48230461137635405,0.5272366149084913,0.9961625933647156,0.4706722625664306,0.5209082251503359,0.9984493851661682,59.78358881875564,0
45,0.5058220539774217,0.39917059739430777,0.9938620924949646,0.48235801288059815,0.3885417041324437,0.9977969527244568,0.48189778980754705,0.5272063896769573,0.996342658996582,0.47054934359732165,0.5236158342588519,0.9985619783401489,59.78358881875564,0
46,0.5067701510020669,0.40174567131769123,0.9938953518867493,0.48167075997307224,0.3901162928058991,0.9978607296943665,0.4816138588246849,0.5342837572097783,0.9966530203819275,0.4704935579072865,0.5275803946313408,0.9986823797225952,59.78358881875564,0
47,0.5065867333185109,0.4035606057870959,0.9935207962989807,0.48148508724712225,0.39370935303824317,0.9978444576263428,0.4812327197619851,0.5414285319192074,0.9968907237052917,0.4704102618353711,0.5324803704307197,0.9987816214561462,59.78358881875564,0
48,0.5046819732302715,0.4043767679305307,0.9934985637664795,0.48218618971960925,0.39612239457312115,0.9978681802749634,0.48093745396250814,0.5459371606508896,0.997146725654602,0.4706454475720727,0.5375605849992666,0.9988864064216614,59.78358881875564,0
49,0.5046008399554666,0.4061562532470343,0.993050754070282,0.48180953519684966,0.39854396950630944,0.9976685047149658,0.4811140298843388,0.5497816602389022,0.9972641468048096,0.470671341532753,0.5408249355497818,0.9989275336265564,59.78358881875564,0
50,0.5034228662649795,0.4066076959882467,0.9925179481506348,0.4818796231633145,0.3987855386166349,0.9974095821380615,0.4808411456289749,0.550952689988273,0.9973384141921997,0.470807071243014,0.5426969102450784,0.9989511966705322,59.78358881875564,0
51,0.5020944532893957,0.4074544395719259,0.9923975467681885,0.4813952885922935,0.39863572801862474,0.9970167875289917,0.4806288722015566,0.54907390617189,0.997340202331543,0.4708479273886911,0.5435082373164953,0.9989230632781982,59.78358881875564,0
52,0.5015306330862503,0.40846741483325083,0.9928777813911438,0.48002796797525354,0.3984436094760898,0.997222363948822,0.48027835573468924,0.5489464004834497,0.9975605607032776,0.47083523018019574,0.5436403155326848,0.9990206956863403,59.78358881875564,0
53,0.49897054973102795,0.41043166319529245,0.9931933283805847,0.48094574326560646,0.402187967584247,0.9968612194061279,0.4793967434338165,0.5485303827694489,0.9975663423538208,0.4709890839599431,0.5455256814048408,0.9989896416664124,59.78358881875564,0
54,0.49564050918533725,0.4134610210146226,0.9937151670455933,0.48395672298613085,0.40835893721807603,0.9969460368156433,0.47825829329944836,0.5485541309629173,0.9977195262908936,0.47130099932352737,0.5495122614360995,0.9990526437759399,59.78358881875564,0
55,0.4932355440798264,0.41843719709487226,0.9935982823371887,0.4870178798834487,0.4160580138365431,0.9969136118888855,0.4774520382994701,0.5534366142182128,0.9978475570678711,0.4715760236694703,0.555409153302511,0.9991163015365601,59.78358881875564,0
56,0.49127128436451906,0.4244523119358793,0.993061900138855,0.4899454514185591,0.4225220041615626,0.9966399073600769,0.4762912903513231,0.5589435185704916,0.9979488253593445,0.4716010221413207,0.5612919756344391,0.9991386532783508,59.78358881875564,0
57,0.49089020064898936,0.43064518627666326,0.9918116927146912,0.49116204608054426,0.42977796140171265,0.9960681200027466,0.47552396569933253,0.5657383345422295,0.9979262948036194,0.47154561394736916,0.567968606948853,0.9990758895874023,59.78358881875564,0
58,0.49132773138227953,0.43554900657563017,0.990494430065155,0.491136661597661,0.4344046967370173,0.9958533644676208,0.47488146452676716,0.5713223048618866,0.997921347618103,0.47100484513101165,0.5725922414234711,0.9990663528442383,59.78358881875564,0
59,0.48691068802561116,0.436633666356405,0.990184485912323,0.4946620407558627,0.4400076199145547,0.9957526922225952,0.47339291373888687,0.5745812342280439,0.9980044960975647,0.4717879579180767,0.577686386448997,0.9990707039833069,59.78358881875564,0
60,0.4818651903243296,0.4375294446945194,0.9898852705955505,0.49877548359689294,0.4464853164695562,0.9958130717277527,0.47196203754061783,0.577165646212442,0.9981409311294556,0.4728351476646609,0.5833686164447245,0.9991320967674255,59.78358881875564,0
61,0.478330703008743,0.4385168665931342,0.9897605776786804,0.5015138756661193,0.45021259217035237,0.9959943294525146,0.4705022899877461,0.5814054466429215,0.9982470273971558,0.47325457135836324,0.5879834833599277,0.9991993308067322,59.78358881875564,0
62,0.47711834737232794,0.4400018510364354,0.9893248677253723,0.5038532742432189,0.45217382624035823,0.9957500100135803,0.46865214478401945,0.5861990764027555,0.9982542395591736,0.4731362007913139,0.5909801352591746,0.9991514682769775,59.78358881875564,0
63,0.47796923915545186,0.4421479049183077,0.9885214567184448,0.505172193050385,0.4555751369113018,0.995587170124054,0.4674916210628695,0.5906559654644562,0.998290479183197,0.4727571776935036,0.5946768720944727,0.9991469979286194,59.78358881875564,0
64,0.48025856131599104,0.4444451928138736,0.9880285263061523,0.5057446247055422,0.4570191346463707,0.9955978393554688,0.46694837723459554,0.5949047406514489,0.9983662366867065,0.47179302431288256,0.5968014938490735,0.9991931915283203,59.78358881875564,0
65,0.4815896635963807,0.4433499503703348,0.9870647192001343,0.5066006893203376,0.45988632099969085,0.9953900575637817,0.4667746878805618,0.5960519115130112,0.9983730912208557,0.471863299608231,0.5984028123673943,0.9991887211799622,59.78358881875564,0
66,0.4836848065966656,0.4416699523017523,0.9859194159507751,0.5061746665409637,0.46225044131279025,0.9944842457771301,0.46746554828825493,0.5947063877469022,0.9983314871788025,0.472049583991369,0.5995301292056134,0.9991168975830078,59.78358881875564,0
67,0.4862077690306168,0.4397998707635066,0.9865783452987671,0.5041516281309586,0.4621432068802065,0.9945287704467773,0.46787507903008274,0.5967752564521067,0.9983540177345276,0.47141045615786636,0.6009144215356741,0.999146580696106,59.78358881875564,0
68,0.48788889674913355,0.43776730696360305,0.9864555597305298,0.5028887391090398,0.4632046421368921,0.9945956468582153,0.46842431454431477,0.5992984402747386,0.9983989596366882,0.4714219641117826,0.6039321791558043,0.9991763234138489,59.78358881875564,0
69,0.48986274713561684,0.4360492215270091,0.9868704080581665,0.5013531787054883,0.46376603132202554,0.9947187900543213,0.4700802947793692,0.5996653976894565,0.9984681606292725,0.47127206410680533,0.6071687482652215,0.9992296099662781,59.78358881875564,0
70,0.48882914724804144,0.4408265338057567,0.9880483150482178,0.500236726942517,0.4696605290685385,0.9951744079589844,0.469805764300483,0.6043562491734827,0.9986124038696289,0.4710953647182105,0.6129097995303932,0.9993032217025757,59.78358881875564,0
71,0.4861287957146058,0.44710900528090375,0.9888128042221069,0.49953166359946877,0.47753841252554075,0.9954254031181335,0.46858785265967995,0.6101269636835376,0.998713493347168,0.4704883141177045,0.618953270571573,0.9993642568588257,59.78358881875564,0
72,0.4827113861129402,0.454214773007802,0.9893405437469482,0.4997063931964697,0.4862745106220249,0.995661735534668,0.4667201723371237,0.6165202827680684,0.9987921118736267,0.4698415199915572,0.6254886190096542,0.99941486120224,59.78358881875564,0
73,0.4798582863240019,0.4606157342592879,0.9900306463241577,0.5004568355424068,0.4927121031851999,0.9959128499031067,0.46466137255941153,0.6249001962797988,0.9988784790039062,0.4686794110706878,0.6322549922125685,0.999460756778717,59.78358881875564,0
74,0.4794199736345386,0.4645916478974482,0.9906525611877441,0.5007239906560811,0.49820402974174177,0.9960446953773499,0.46390877451215506,0.6312115589777634,0.9989643096923828,0.4680173070657825,0.638137885502407,0.9995040893554688,59.78358881875564,0
75,0.4815602401892348,0.46828056233269866,0.9913414120674133,0.4995944471586322,0.49887582659721413,0.9961743354797363,0.46404149844532955,0.6364737777482901,0.99904865026474,0.4671709494931361,0.6417175275938857,0.9995409846305847,59.78358881875564,0
76,0.4831462899843855,0.4738786986895974,0.9918995499610901,0.4990961409750443,0.5047440415336977,0.9959855675697327,0.464537437473025,0.6408070127169296,0.9991217851638794,0.46680235862731967,0.6442808281807677,0.9995693564414978,59.78358881875564,0
77,0.48725904453368457,0.47671300314721643,0.9922142028808594,0.4966800794714977,0.5083038537275227,0.9958086013793945,0.46749781426929327,0.6417039150283456,0.9991658329963684,0.46641021825018425,0.6446413284256349,0.9995683431625366,59.78358881875564,0
78,0.494710648343677,0.47913579855646443,0.9927746653556824,0.4923451571237477,0.5132053976967226,0.9956957101821899,0.47310079563231733,0.6404394450641819,0.9992435574531555,0.4662401122706281,0.6444364161718464,0.9996038675308228,59.78358881875564,0
79,0.5019318574950813,0.4788433256603426,0.9933686256408691,0.4879072464647751,0.5156150233177916,0.9957770705223083,0.47863939262571825,0.6386304668017802,0.9993059039115906,0.46598702811059534,0.64437442734128,0.9996287822723389,59.78358881875564,0
80,0.5075344528470724,0.4777887690634958,0.9937570691108704,0.484397608609427,0.5160253984587537,0.9953406453132629,0.4825981145813356,0.6392656337647216,0.9993539452552795,0.4656013363883613,0.6452354107584277,0.9996365308761597,59.78358881875564,0
81,0.5076959601470407,0.47956406218665026,0.9942930936813354,0.4840518392267685,0.5142322580019637,0.9956574440002441,0.4817696511745456,0.6440320781299052,0.9994031190872192,0.4651921930767245,0.6478994318417145,0.9996553063392639,59.78358881875564,0
82,0.5046000111670725,0.48074027612095827,0.9946273565292358,0.4869280755519871,0.5129430152121048,0.9955853819847107,0.4789366140252072,0.6478500990640554,0.9994510412216187,0.4649854628812703,0.6500330993107393,0.9996758103370667,59.78358881875564,0
83,0.5004040811743059,0.48006416928200535,0.9949164986610413,0.4904614729540692,0.5104383826255803,0.9954445958137512,0.4752950923783442,0.6495199061575396,0.9994888305664062,0.46506029509362756,0.6510214692070375,0.9996943473815918,59.78358881875564,0
84,0.4970583887327289,0.4795168311822986,0.9953291416168213,0.49315827801114076,0.5097104509671533,0.9957772493362427,0.47305300547963136,0.6484100109054933,0.9995306730270386,0.46495643258094826,0.651764401367733,0.9997156262397766,59.78358881875564,0
85,0.4951406305744539,0.47730277975400326,0.9957179427146912,0.4938307220027564,0.509100695451101,0.9960375428199768,0.47128969005176036,0.6456205901645484,0.9995699524879456,0.4646842408747904,0.6504355924470089,0.9997360706329346,59.78358881875564,0
86,0.49477582602273895,0.4763791915916265,0.9959608316421509,0.4933574313209174,0.5082173744837447,0.9961068034172058,0.471515950702486,0.6425849369594034,0.9995908737182617,0.4643126499085203,0.6484551429748541,0.999747097492218,59.78358881875564,0
87,0.4958962798118595,0.476314240977878,0.9962353706359863,0.49243850509325704,0.5050361369337357,0.9962209463119507,0.47335586235636795,0.6370384380930951,0.9996203780174255,0.46402680448123423,0.6445926058860058,0.999763011932373,59.78358881875564,0
88,0.4981328107061844,0.47402398643039556,0.9961619973182678,0.49171766780671655,0.5001933588868099,0.9958009719848633,0.4752548677580701,0.630831292697362,0.9996151328086853,0.46433695299284833,0.6399320477531075,0.999747097492218,59.78358881875564,0
89,0.4991917439869476,0.4705970911752614,0.9962292909622192,0.4913080008257007,0.4957569482780642,0.9956703782081604,0.4751264821915403,0.6266444495746073,0.9996370673179626,0.46490479367119963,0.6359779408999857,0.9997540712356567,59.78358881875564,0
90,0.49431996118454746,0.4666757313978108,0.9962279796600342,0.4947472739787333,0.4961863287857605,0.9954949617385864,0.4717360408533191,0.6240516248203465,0.9996213316917419,0.4667887957323169,0.6352719891638988,0.9997497200965881,59.78358881875564,0
91,0.488242164963768,0.4620863241808759,0.9962831735610962,0.49880245895612846,0.49941733479499856,0.9953727126121521,0.466846727189564,0.6213889292308268,0.9996199607849121,0.4688082422528952,0.6333101391792302,0.9997485876083374,59.78358881875564,0
92,0.4825264229660946,0.46171804127239086,0.9963163137435913,0.5024351945945199,0.5046632105395912,0.9955214858055115,0.46246985026768317,0.6210205583345327,0.9996377229690552,0.4694153666496281,0.6324174148695814,0.9997610449790955,59.78358881875564,0
93,0.48114908593041594,0.45620267306055384,0.9962641596794128,0.5041968127091729,0.5002239857401172,0.9955507516860962,0.4632139972278053,0.6150592168172206,0.9996326565742493,0.4688733773572108,0.627015976678758,0.9997458457946777,59.78358881875564,0
94,0.483712067206701,0.44957480969883185,0.9964248538017273,0.5040874906948638,0.48897733432906054,0.9957917928695679,0.4659253117584051,0.6099222018605192,0.9996503591537476,0.46733606996990423,0.6193548185484755,0.9997491836547852,59.78358881875564,0
95,0.48900844653447506,0.4423209059806101,0.9960786700248718,0.5018584387643,0.4761944030012407,0.9957066178321838,0.4688343490873068,0.6048569877942408,0.9996135234832764,0.4651566389061159,0.6121355323564444,0.9997064471244812,59.78358881875564,0
96,0.4906990272658216,0.4370552145299461,0.9951612949371338,0.5017779668172204,0.46664788183711864,0.9947142601013184,0.46981205117134855,0.6003135669799082,0.9994664788246155,0.4645315735113057,0.6076984348751255,0.9995428919792175,59.78358881875564,0
97,0.4905964632829034,0.43577167675608713,0.9943416118621826,0.5016822758175081,0.46328682984624625,0.9943640232086182,0.469161377066658,0.5965781438918345,0.9993698000907898,0.46451716621716854,0.6050005101022271,0.9995177388191223,59.78358881875564,0
98,0.4887823689551584,0.4394160054978874,0.9925837516784668,0.5015717673869364,0.4645465697560995,0.9938492774963379,0.4668581812154683,0.5941336382003062,0.9993045330047607,0.46421073873837826,0.6043646051770171,0.999465823173523,59.78358881875564,0
99,0.48766619250887955,0.4407563919112799,0.9921853542327881,0.5001933972040816,0.4631389493034003,0.9932573437690735,0.46621635414305224,0.5895252426465357,0.9992246627807617,0.4644805192947391,0.6019351936521989,0.9993605017662048,59.78358881875564,0
100,0.48604763973326953,0.4409051792962214,0.9912033081054688,0.4998785754044855,0.45856132819539064,0.99276202917099,0.4659923215707147,0.5864431971595405,0.9990415573120117,0.46525580968175656,0.5971171997842339,0.9991448521614075,59.78358881875564,0
101,0.4858798384666446,0.43733151895659345,0.9910699725151062,0.5005385790552416,0.45381731078738297,0.9927466511726379,0.4667426801863175,0.581810749712445,0.9990121126174927,0.46622351663453276,0.5905734754744034,0.9990903735160828,59.78358881875564,0
102,0.486834953228633,0.43331501171702463,0.9912249445915222,0.501255945080803,0.449524344432922,0.9932055473327637,0.4683975492204942,0.5777900190580463,0.9990564584732056,0.4670598904291793,0.5827982028325404,0.9991414546966553,59.78358881875564,0
103,0.485062366440183,0.4274273429598131,0.991470456123352,0.5047770085788913,0.4484315457798189,0.9936390519142151,0.46966298846971455,0.5741178790728256,0.9990337491035461,0.4684611317657293,0.5762462417284653,0.9991165995597839,59.78358881875564,0
104,0.48290303917158256,0.4200330064410258,0.991816520690918,0.5100411687578478,0.4437150316579005,0.9940500855445862,0.4706652377332964,0.5681808761187966,0.9990572929382324,0.4696314420018881,0.5694174227260412,0.9991441369056702,59.78358881875564,0
105,0.48390880227088967,0.4161244673388348,0.9920828938484192,0.5104880233605706,0.43716243760926415,0.9945005774497986,0.47176308717046506,0.5622678739683973,0.999060332775116,0.47061466177304623,0.5626704948289059,0.9991909265518188,59.78358881875564,0
106,0.48761692359333986,0.413168644621259,0.9925349354743958,0.507320975973493,0.42678135491552843,0.9949344992637634,0.4732038563206086,0.5554665213539491,0.9990702867507935,0.4713205610002794,0.5553037949970795,0.9992303848266602,59.78358881875564,0
107,0.49449699691363785,0.4116888585544771,0.992507815361023,0.5016069398039867,0.41580038127445074,0.9953358173370361,0.47529409754843976,0.5491036006382538,0.9990538954734802,0.4713882960024338,0.5474438724063696,0.9992808699607849,59.78358881875564,0
108,0.5030066555454622,0.41144539061046814,0.9922399520874023,0.4941203381334036,0.40558236553555477,0.9957098960876465,0.4778593750227069,0.5446408476148338,0.9989762306213379,0.4709009471393771,0.5404076377550765,0.9993173480033875,59.78358881875564,0
109,0.5064913587910793,0.4071847753865382,0.9923799633979797,0.490591094607399,0.3990043430101307,0.9960343837738037,0.4794632863430754,0.5394010742505395,0.9989839196205139,0.4712065884045196,0.5349889624686472,0.99935382604599,59.78358881875564,0
110,0.5065057504744761,0.39863878204709036,0.992466926574707,0.491289663882483,0.39095805088679025,0.9962959289550781,0.48017911258198004,0.5327653629439222,0.9988325834274292,0.47177159644308586,0.5289420343580704,0.9993659853935242,59.78358881875564,0
111,0.5049560382252651,0.38869307864280006,0.9925750494003296,0.4925741368816017,0.3843960109211153,0.9965161681175232,0.4800453909805847,0.5253346448852907,0.9988070130348206,0.47271692327090714,0.5232440148081103,0.9993749260902405,59.78358881875564,0
112,0.5036513549940931,0.37913924455642734,0.9925198554992676,0.49357211589813277,0.37687700986862216,0.9967187643051147,0.4795210943335582,0.5180247681481502,0.9988208413124084,0.4735394247940612,0.517302206584386,0.9994168281555176,59.78358881875564,0
113,0.5029909695897787,0.3688596501236873,0.9921020865440369,0.4948411016237172,0.3680553947176255,0.9969664216041565,0.47926376830963896,0.5117472211519881,0.9988645315170288,0.47389857258115536,0.5109640615327022,0.999466598033905,59.78358881875564,0
114,0.5025513711429781,0.3594166196527938,0.9906561970710754,0.4961359330586029,0.3592249282768798,0.9971301555633545,0.4792587373937883,0.5064208323047279,0.9988040924072266,0.4741690031119759,0.5062029532023843,0.9994993805885315,59.78358881875564,0
115,0.501408513103213,0.35289647749492126,0.9897575378417969,0.49736696339788933,0.3546591585590728,0.997298002243042,0.4793285741692501,0.5012829360507787,0.9987797737121582,0.4747321009635929,0.5030465282145005,0.9995377063751221,59.78358881875564,0
116,0.5016945742425468,0.34825688174792724,0.9895969033241272,0.4973169480051317,0.3511071332863402,0.9975120425224304,0.48008449446587376,0.4968799281687968,0.9987792372703552,0.4751706719398502,0.49979061172122086,0.9995747208595276,59.78358881875564,0
117,0.498042301053093,0.3442862062227161,0.9892263412475586,0.49979390842574023,0.35066806986218435,0.9976702332496643,0.4803622464338942,0.4924329121907556,0.9986937046051025,0.4766483392034262,0.49808043809164176,0.9996037483215332,59.78358881875564,0
118,0.49394928415616396,0.3396349804741998,0.988969087600708,0.5023181424254467,0.35038316817510723,0.9978092908859253,0.4802271993387317,0.4892554964338034,0.9986516237258911,0.47820263391449375,0.4963588629450121,0.9996234774589539,59.78358881875564,0
119,0.48973560191336174,0.33307230472564725,0.9895950555801392,0.5062964274769741,0.34684953803107876,0.9979946613311768,0.4795693371977129,0.48618511075065285,0.9987391233444214,0.47918106260753857,0.4939285729612627,0.9996566772460938,59.78358881875564,0
120,0.48814842388743485,0.3279981627350764,0.9900327324867249,0.508745018924986,0.3416267832120262,0.9981411695480347,0.47998034954071084,0.4838241920584728,0.998795211315155,0.47970534506298285,0.4913586761270255,0.9996832609176636,59.78358881875564,0
121,0.4893968843278435,0.32651592862038414,0.9904849529266357,0.5095468787919911,0.33817523859796095,0.9982910752296448,0.4812155805882957,0.4826669877483735,0.9988520741462708,0.47979986667633095,0.4898816787061241,0.9997103810310364,59.78358881875564,0
122,0.49462495957102137,0.32776415915716284,0.9909287095069885,0.5068020593552366,0.33432582872254535,0.9983806610107422,0.4832957741760076,0.48260676860809365,0.9987925291061401,0.47911559967767664,0.4878464823677431,0.9997271299362183,59.78358881875564,0
123,0.4966479468913309,0.32835574235234966,0.9909318685531616,0.5051387378147674,0.333203576859974,0.9984596967697144,0.48424901281084376,0.4825508991877242,0.9988105893135071,0.4788524409135187,0.4874953514053712,0.9997463226318359,59.78358881875564,0
124,0.4972256819407149,0.32628069888977806,0.9913082718849182,0.5036512272698542,0.3342158496379855,0.9984859228134155,0.4837354109400798,0.48239517069998283,0.9988011121749878,0.47857689857482955,0.48752265600931116,0.999756932258606,59.78358881875564,0
125,0.4958414988858363,0.32321736784208416,0.9918904900550842,0.5039070873033438,0.334511132467361,0.9985870122909546,0.4820444356827513,0.48188606756074126,0.9988653063774109,0.47800267878032904,0.48764463265736935,0.9997765421867371,59.78358881875564,0
126,0.49423146673611273,0.32192830812363427,0.9922869205474854,0.5035715983027508,0.3350163272448951,0.9986485242843628,0.48042666628247255,0.4820758146899091,0.9988852143287659,0.477376949219477,0.4877128955863775,0.9997881650924683,59.78358881875564,0
127,0.49205930601982883,0.32193487173035057,0.9927414655685425,0.5029346417813079,0.3375127386479153,0.9987135529518127,0.47887467344601986,0.4826689036119555,0.9988990426063538,0.47650928298632345,0.4884973026457291,0.9997981190681458,59.78358881875564,0
128,0.49106563556762006,0.32372891051428687,0.9932165145874023,0.5004143161433088,0.3411443134148918,0.9987850189208984,0.47794231630507006,0.483473896980286,0.9989659190177917,0.4752199224063332,0.4888304259095877,0.9998136162757874,59.78358881875564,0
129,0.49190003957067263,0.3243225046566557,0.9938095211982727,0.4974196539038708,0.3434103571233298,0.9988923072814941,0.4773541234788444,0.4840169321923033,0.9990212917327881,0.4738578796386723,0.48912471532821694,0.9998298287391663,59.78358881875564,0
130,0.49404538245428214,0.3290326524348489,0.994175910949707,0.49501090958004945,0.34488550538108487,0.9989445805549622,0.4771667662121004,0.48490863612719987,0.9989856481552124,0.4725732576279417,0.4896886476448608,0.9998406767845154,59.78358881875564,0
131,0.4979887562138698,0.3354219751698633,0.9942717552185059,0.49160834011577464,0.34080144904908705,0.9989754557609558,0.47789236193611545,0.484732419252396,0.9989542365074158,0.47148654148692215,0.4881401601291842,0.9998509287834167,59.78358881875564,0
132,0.4991342694986438,0.339672835100265,0.9941245913505554,0.4891300740696139,0.33380407378787114,0.9989579916000366,0.4776342511177067,0.4841428626151316,0.9987005591392517,0.47093798007283927,0.48596643833887043,0.9998391270637512,59.78358881875564,0
133,0.49819152695792096,0.3393347348485677,0.9942639470100403,0.48737703760465023,0.3285642621063053,0.9989661574363708,0.47675528696605174,0.48252251034691257,0.9980309009552002,0.4706204689684372,0.4837136183466234,0.9997705221176147,59.78358881875564,0
134,0.4965933461984003,0.33275950522649883,0.9940767884254456,0.4870603666419079,0.3246698592390336,0.9989750981330872,0.47668325901031533,0.480606487819127,0.9977293014526367,0.47054069950467103,0.480844270615351,0.999750018119812,59.78358881875564,0
135,0.49556763824962474,0.32347724835077946,0.9941110610961914,0.4885854224363967,0.32207814710480853,0.9989363551139832,0.47638405788512495,0.478054917994,0.9973161220550537,0.47071515804245395,0.4783360447202414,0.9997251629829407,59.78358881875564,0
136,0.49370702533494903,0.3178021595591593,0.994301438331604,0.4915768149353213,0.32185045310429194,0.9989629983901978,0.47548313226018674,0.47656679153442416,0.996727705001831,0.4706893989018035,0.47771317902065497,0.9996116161346436,59.78358881875564,0
137,0.49230588759694827,0.3150479296843213,0.9945254325866699,0.49364027380943337,0.3205973293100087,0.9990351796150208,0.474741773945945,0.4751211135160359,0.9967312216758728,0.47040085281644584,0.4766068841729849,0.9996156096458435,59.78358881875564,0
138,0.49099198267573446,0.31458979135467924,0.9947331547737122,0.49467723994028034,0.3199248952525005,0.9991253018379211,0.4736727944442208,0.4744925825368794,0.9968172907829285,0.46952748440560876,0.476490893534252,0.9996272921562195,59.78358881875564,0
139,0.4910545860018053,0.31513086954752634,0.995000958442688,0.4950536688168848,0.3210676780768806,0.9991922378540039,0.47270805495125945,0.47478575933547285,0.9967005252838135,0.46853792951220596,0.4782181878884637,0.9995302557945251,59.78358881875564,0
140,0.49206160789444375,0.3152401674361458,0.995376706123352,0.4953049832866309,0.3218115184988297,0.9992696046829224,0.4717341037023639,0.47593247180893344,0.9967616200447083,0.4676297150907066,0.48015607822509077,0.999557375907898,59.78358881875564,0
141,0.4931429936772305,0.31689923008283005,0.995713472366333,0.4958144866284874,0.3228384469236649,0.9993325471878052,0.470095637298766,0.47703994739623334,0.9969085454940796,0.46719163230487315,0.4820249733470739,0.9995508193969727,59.78358881875564,0
142,0.4929602075190775,0.31811033969833763,0.9960688948631287,0.4960517783959711,0.3222392371722633,0.9993951916694641,0.46812258447919614,0.4779764754431592,0.9970613121986389,0.46685565795217276,0.4833018481731419,0.9995660781860352,59.78358881875564,0
143,0.4912292247726808,0.3198234623386749,0.9963605999946594,0.49624038026446426,0.3226338724295301,0.9994449019432068,0.4664558867613478,0.4789401491483056,0.9970815181732178,0.4673218769686566,0.4835397686277121,0.9994442462921143,59.78358881875564,0
144,0.48955424342836695,0.32217189385777456,0.9966049194335938,0.49640549364544134,0.3247755325975875,0.9994934797286987,0.46558538505009284,0.47972807713917365,0.9969231486320496,0.4681290558406289,0.4832657930396856,0.9992302060127258,59.78358881875564,0
145,0.48903377567018824,0.3242424442654567,0.9967354536056519,0.4968221443040034,0.32824270782016596,0.9995272755622864,0.4653973593598324,0.4803899313722342,0.9968602061271667,0.46866017296200746,0.4834739267826085,0.9989855885505676,59.78358881875564,0
146,0.49017776903652055,0.3263568608533771,0.996842622756958,0.49703381884665754,0.33182807621501764,0.9995601773262024,0.46519268268630654,0.4807725506169459,0.9968705773353577,0.4681487026668734,0.4836354695615318,0.998742401599884,59.78358881875564,0
147,0.4930302018211005,0.3291727290267039,0.9968152642250061,0.49744654837108837,0.3344269352299829,0.9995852708816528,0.4660886213892986,0.4817018792742779,0.9966414570808411,0.4664219263054079,0.48389952949115245,0.9983102083206177,59.78358881875564,0
148,0.49567807714144424,0.33161413243838744,0.9967549443244934,0.4984196963764377,0.33479506770769785,0.9996161460876465,0.4670488366058898,0.4828745907261262,0.9964131116867065,0.4640760038580217,0.4841247130007975,0.9979843497276306,59.78358881875564,0
149,0.4987021911711924,0.33392906614712337,0.9964918494224548,0.499776634432021,0.33412737221944927,0.9996418952941895,0.4675934712092086,0.48426524372327934,0.9961667656898499,0.46196395016851916,0.4842487445899422,0.9976223707199097,59.78358881875564,0
150,0.5012175838152572,0.33646079472133117,0.9963164329528809,0.5012506416865762,0.3350137670834862,0.9996699690818787,0.46732515238580286,0.4855939603987198,0.9952442049980164,0.45989974339803097,0.4848681929565616,0.997116208076477,59.78358881875564,0
151,0.5050625574021116,0.3382212860243664,0.9962628483772278,0.5022111066750122,0.3371020541304637,0.9996907711029053,0.46722394227981606,0.48587043086687765,0.9948012232780457,0.4580624742167341,0.4849368149325965,0.9966368079185486,59.78358881875564,0
152,0.5086711077463063,0.33966985486802626,0.9959453344345093,0.5030856387955805,0.3398903324490504,0.9996868371963501,0.46695980003901927,0.48557889035769913,0.9939018487930298,0.45662119984626803,0.4847926341352013,0.9951764345169067,59.78358881875564,0
153,0.5107463938849317,0.3418799142042799,0.9953402876853943,0.5045976354962307,0.34320793549219797,0.9996935725212097,0.46718174361047327,0.4854208287738622,0.9926664233207703,0.4557730129786904,0.4851994415124261,0.9941148161888123,59.78358881875564,0
154,0.5093777605465484,0.34391836467243403,0.9955856800079346,0.5072768273807712,0.346012346801304,0.9997169971466064,0.4672643315224424,0.4853578919456123,0.9927818775177002,0.4560387673832125,0.48598949965976573,0.9941530227661133,59.78358881875564,0
155,0.5094563052767803,0.3469855317047667,0.9957419633865356,0.5097027193932311,0.34786532748313204,0.9997404217720032,0.4680744934649698,0.4853491030988243,0.9930492639541626,0.4565481330667227,0.4867393672466282,0.9944650530815125,59.78358881875564,0
156,0.5108652994746258,0.35113492891902043,0.9955693483352661,0.5111493411518283,0.35082602784747197,0.9997594952583313,0.4692257273764841,0.4851930666537516,0.9930290579795837,0.45674304451261283,0.4875151202792217,0.9946774840354919,59.78358881875564,0
157,0.5143150204703926,0.35501293341318796,0.9951363801956177,0.5118800486837118,0.3542771169117521,0.9997707009315491,0.4709791725590119,0.4849840998649601,0.9924813508987427,0.4568349633898057,0.48807029355139997,0.9946101903915405,59.78358881875564,0
158,0.5182604222070607,0.3582846139158524,0.9950253963470459,0.5124162066550486,0.35694929957389854,0.9997819066047668,0.47188080350558004,0.48487034298124804,0.9916810393333435,0.45662162701288894,0.4884522614024938,0.9944881200790405,59.78358881875564,0
159,0.5205149508657914,0.3610539819513051,0.9951090812683105,0.5134589274724328,0.3593809178897316,0.9997978806495667,0.4720344288008558,0.4848215523220248,0.9919016361236572,0.4563487924280624,0.4888762405940469,0.9947627186775208,59.78358881875564,0
160,0.5206030805905664,0.3632100338027594,0.9949604868888855,0.5154036084810897,0.3614908570335028,0.999794602394104,0.4716114103794102,0.4850642652738666,0.9915173649787903,0.45620581081935374,0.48900863670167505,0.9946193695068359,59.78358881875564,0
161,0.5214144133386163,0.3667384400254207,0.995107114315033,0.5163855155309045,0.3625325560569766,0.9998098611831665,0.471820372910727,0.4856001252219795,0.9919710159301758,0.45605433271044815,0.4885427852471673,0.9950852394104004,59.78358881875564,0
162,0.5219043322971894,0.3695429379031775,0.9952136874198914,0.5171761058625726,0.36583561982427354,0.9998211860656738,0.47096051914351367,0.48625168062391777,0.9921848177909851,0.45602851964178576,0.48869223963646696,0.9954602122306824,59.78358881875564,0
163,0.5216807950110667,0.37122343551544945,0.9953809976577759,0.5186622909137185,0.3705677461056485,0.9998315572738647,0.4694467683633172,0.4864958269255506,0.9926385283470154,0.45627509412311407,0.48954560075487447,0.9958409667015076,59.78358881875564,0
164,0.5216214145932883,0.37213227294740253,0.9952704906463623,0.5200630880537491,0.3746861517429355,0.9998116493225098,0.4680457966668269,0.48566230280058764,0.9928334355354309,0.4565689932732359,0.4902733167012537,0.9960274696350098,59.78358881875564,0
165,0.5206638574600224,0.3724415500958763,0.9954568147659302,0.5216361000424343,0.378316578410921,0.9998162984848022,0.4666113158067071,0.4849596733138679,0.9929687976837158,0.45683090175901175,0.4918290405046376,0.9962839484214783,59.78358881875564,0
166,0.5199208628563659,0.3727034571624941,0.9956066608428955,0.5230214567411517,0.3818507563500181,0.9998175501823425,0.46628644920530815,0.4843782995428362,0.9931715726852417,0.45703014447575563,0.49385457095645763,0.9965466856956482,59.78358881875564,0
167,0.5199400385220849,0.37437461245627657,0.9957901835441589,0.5233681230317982,0.3853230646678383,0.9998201131820679,0.46571897041230015,0.48422402994973357,0.9935279488563538,0.45711166092327704,0.49723552096457746,0.9968307018280029,59.78358881875564,0
168,0.5200930578368055,0.3755281624339879,0.9959352612495422,0.524121741453807,0.39050547139985253,0.9998172521591187,0.463116824626923,0.48436956888153476,0.9938375949859619,0.4571886530944283,0.5010464574609488,0.9970898628234863,59.78358881875564,0
169,0.5203454778307964,0.3763756695247835,0.9961503744125366,0.5255998628480099,0.3953784037204019,0.9998142719268799,0.4593265837147126,0.48501446275484034,0.9943429231643677,0.45774898642585427,0.5050118310110914,0.9973060488700867,59.78358881875564,0
170,0.5198146984690716,0.3769462023462571,0.9964686036109924,0.5272928249268309,0.3980279394558501,0.9998254776000977,0.45545284379096296,0.48552378302528787,0.9948739409446716,0.458593560116632,0.5071407953898116,0.9975502490997314,59.78358881875564,0
171,0.5187895581835796,0.3783105583417986,0.9967696070671082,0.5287845106351947,0.39927313299406175,0.9998376369476318,0.45230406806582535,0.4869027322246919,0.995369017124176,0.4594583553927289,0.5088149990354269,0.9977825880050659,59.78358881875564,0
172,0.5176671573093963,0.37979863371167893,0.9970423579216003,0.5294370793160943,0.40004113316535983,0.9998496174812317,0.45141900011471375,0.4881873286905747,0.995812714099884,0.46005988121032754,0.5092522530328664,0.9979897141456604,59.78358881875564,0
173,0.5167308109147213,0.38186035411698505,0.9972372055053711,0.5292773757662096,0.4012301606791363,0.9998587369918823,0.45091587163153185,0.48919011865343404,0.996204674243927,0.46015422400974126,0.5098013735952835,0.9981745481491089,59.78358881875564,0
174,0.5163092897051861,0.3841819607076194,0.9973941445350647,0.5288782062984653,0.4027840637025382,0.9998629689216614,0.45072684117725953,0.48942401721364015,0.996545135974884,0.4597144595214302,0.5092839258057735,0.9983237385749817,59.78358881875564,0
175,0.5165073275566106,0.38605925156956655,0.9974836111068726,0.5286374886830651,0.404080308619,0.999865710735321,0.4502128192356658,0.48955942619414594,0.9968379735946655,0.4589222456727713,0.5089120212055391,0.9984550476074219,59.78358881875564,0
176,0.5164792537689213,0.38719470586095567,0.9975636005401611,0.528664730844044,0.4050214517684213,0.999867856502533,0.4496574756645025,0.4894298840136759,0.9970976114273071,0.4579523872761503,0.5081461100351247,0.9985660910606384,59.78358881875564,0
177,0.5164014157794774,0.38873343524478765,0.9977093935012817,0.5288236056055347,0.40668444548334426,0.9998741745948792,0.44915545554388175,0.4895881811777754,0.9973583221435547,0.45708653188887133,0.5087166315033327,0.9986858367919922,59.78358881875564,0
178,0.5163562241054721,0.3919078054882234,0.9978370666503906,0.5289221462749304,0.4086873999663765,0.9998807311058044,0.4490742527303245,0.49035664683296604,0.9975946545600891,0.4560780596165434,0.509577674525125,0.9988009333610535,59.78358881875564,0
179,0.5166844782375158,0.39631226942652775,0.9979793429374695,0.5288162146295824,0.41109999020894405,0.9998868703842163,0.44899543126424185,0.4918972949186965,0.9978194832801819,0.45506828029950497,0.5106682266507834,0.9989103078842163,59.78358881875564,0
180,0.5175616968245738,0.40114240986960303,0.9981087446212769,0.5286385161536085,0.4135259148620427,0.9998950958251953,0.44881754120190975,0.4933974913188393,0.9980140924453735,0.45394373649642616,0.5112640772547046,0.9990106821060181,59.78358881875564,0
181,0.5188916240419664,0.40692201682499507,0.9981988072395325,0.5284373987288706,0.41675608640625394,0.9998992681503296,0.4484924915291018,0.4946647059349791,0.9981705546379089,0.45275033513704976,0.5114670424234303,0.9990901350975037,59.78358881875564,0
182,0.5201865519796103,0.4126771220139098,0.9983078837394714,0.5281598596345816,0.42200193660599883,0.9999048113822937,0.4479411741097772,0.49552048246065816,0.9983062744140625,0.45188683839071403,0.5115947326024377,0.9991610646247864,59.78358881875564,0
183,0.521010259787242,0.41767803686005767,0.9983711838722229,0.5280097864923028,0.42787946547780753,0.9998981952667236,0.44705704280308356,0.495929823035286,0.9983636736869812,0.45137690788223667,0.5121951301892602,0.999190628528595,59.78358881875564,0
184,0.5214172913914639,0.423297933169774,0.9984703063964844,0.5280577739079797,0.4347096000398912,0.9998994469642639,0.44638415887242305,0.49600821875390594,0.9984591007232666,0.45091228541873785,0.5126524283772427,0.9992360472679138,59.78358881875564,0
185,0.5216825859887264,0.4286877739997141,0.9985350966453552,0.5280755077089586,0.44093900351297327,0.9998912811279297,0.4459928061280935,0.49631441490990813,0.9984931349754333,0.4502504751795818,0.5130709693545391,0.9992198348045349,59.78358881875564,0
186,0.5221043967065361,0.43346305546306463,0.9985634088516235,0.5281479585738413,0.44587939835730084,0.9998783469200134,0.4458160755180181,0.49618964535849475,0.9984362125396729,0.44873659951346295,0.5125812036650526,0.9991664886474609,59.78358881875564,0
187,0.5226925583112811,0.43938481949624597,0.9985873103141785,0.5279033184051518,0.45049607753753695,0.9998671412467957,0.44576996281033504,0.49652373506909364,0.9985065460205078,0.4465546253181643,0.5117199619611108,0.9991930723190308,59.78358881875564,0
188,0.523063869703384,0.44543426519348545,0.9985634684562683,0.5274804972466973,0.4558972957588381,0.9998457431793213,0.44520605745769715,0.4974567719868256,0.9985317587852478,0.44419441336677223,0.5108029132797609,0.9990576505661011,59.78358881875564,0
189,0.52283449400039,0.4504539824667435,0.9984240531921387,0.5271509488423669,0.4608639067127595,0.9997975826263428,0.44392074431691886,0.49881418546040895,0.9982068538665771,0.44209460133598,0.510316562084925,0.9984487891197205,59.78358881875564,0
190,0.52233537321999,0.45454093955812036,0.9985013008117676,0.5267829866636371,0.46644028311684055,0.9998008608818054,0.44246199017479343,0.5001363541398733,0.998198926448822,0.4403928347996306,0.5106011543955126,0.9983627796173096,59.78358881875564,0
191,0.5216196065857301,0.4575451059000836,0.9985913634300232,0.5260692976769952,0.47132415288970625,0.9998072385787964,0.4411106719857174,0.5012399540061047,0.9982503652572632,0.43884599066916,0.5117637288002745,0.9983254075050354,59.78358881875564,0
192,0.5210053353082571,0.46017876551264847,0.9986864328384399,0.5252626992407303,0.4755109676292968,0.9998158812522888,0.4403153388273152,0.5015884836514795,0.9982646107673645,0.43720041144461896,0.5128343417530972,0.9982770085334778,59.78358881875564,0
193,0.520616764114017,0.46303966357594484,0.9987791180610657,0.524261247544062,0.47897210717201266,0.9998270273208618,0.43998662346885353,0.5015640939985007,0.9982673525810242,0.43575052704129935,0.5136435031890874,0.9982678890228271,59.78358881875564,0
194,0.5205011963844304,0.46619681233451515,0.9988584518432617,0.5234181511969798,0.4824287706897376,0.9998353719711304,0.4400118319761189,0.501688781238738,0.9982367753982544,0.4347427842162908,0.5140456954638167,0.9982682466506958,59.78358881875564,0
195,0.5203561328706292,0.46896888954298876,0.998927652835846,0.522978090104603,0.4855010580448881,0.999839186668396,0.4400505168097363,0.5014417143095111,0.9982342720031738,0.434453041780563,0.5141776118959703,0.9982495903968811,59.78358881875564,0
196,0.5204262903758461,0.4707019343262631,0.9989812970161438,0.5228594569932852,0.4889709623087024,0.9998457431793213,0.44035133151781025,0.5004782449631469,0.9982184171676636,0.4343032638231916,0.5139395339148389,0.9982906579971313,59.78358881875564,0
197,0.5205205593790331,0.4713042052019214,0.9989950656890869,0.522746826921191,0.49281086098580174,0.9998419284820557,0.4403128467855003,0.4989668159257802,0.998218297958374,0.4341523207369309,0.5134729317256387,0.9983419179916382,59.78358881875564,0
198,0.5206466913223271,0.4710191885630293,0.9990591406822205,0.5228029404367723,0.49680107122375894,0.9998491406440735,0.44014667755081577,0.49689801817848606,0.9983534812927246,0.43426205146880414,0.5132672616413666,0.9984739422798157,59.78358881875564,0
199,0.5206475229490375,0.4709165493647261,0.9991300702095032,0.5228117534092498,0.499470915113177,0.9998583197593689,0.43987261113666387,0.49500535641397786,0.9984862208366394,0.4345516321204961,0.5131177164259415,0.9986116290092468,59.78358881875564,0
200,0.5209748177301321,0.4712338490145551,0.9991757273674011,0.5223592633292793,0.5001444972696762,0.9998628497123718,0.439746025062743,0.49414161557243025,0.9985968470573425,0.434826751550039,0.5130657269841152,0.9987327456474304,59.78358881875564,0
201,0.521501101198651,0.47190618231183046,0.9992121458053589,0.521723520188105,0.49918782852944915,0.9998626708984375,0.4398249458699003,0.4938526792185651,0.9986213445663452,0.435112494797934,0.5130969768478761,0.9987836480140686,59.78358881875564,0
202,0.5221154519489838,0.4735069828374049,0.9990922808647156,0.521161380268279,0.49765547826176637,0.9998003840446472,0.4401745498180393,0.4943418744064517,0.9981009364128113,0.43510552956944454,0.512914617856344,0.9985157251358032,59.78358881875564,0
203,0.522614527316321,0.47548891674904636,0.9990772008895874,0.5207999859537401,0.49620382274900204,0.9997917413711548,0.4404593919004717,0.49533057638577094,0.9980100989341736,0.43504060591970206,0.5123973460424518,0.9984472393989563,59.78358881875564,0
204,0.5230070097105848,0.4773210471584687,0.9990485310554504,0.5207596279325943,0.4954583701633276,0.999774694442749,0.44078164441244977,0.4961370712234865,0.997964084148407,0.4351937103839151,0.5114415713718963,0.9983725547790527,59.78358881875564,0
205,0.5230929028420226,0.479067037502925,0.9989357590675354,0.5208104848861699,0.4949715109098529,0.9997044205665588,0.44104400560969437,0.4967257465635031,0.9977586269378662,0.4353743876729696,0.5102754377183464,0.9981967806816101,59.78358881875564,0
206,0.5232618507884802,0.4798396314893454,0.9986684322357178,0.5205811971709846,0.4947309508210141,0.999571681022644,0.44120520637148936,0.4969638146105271,0.9971705079078674,0.4354808841432848,0.509386485531217,0.9979330897331238,59.78358881875564,0
207,0.523381562460037,0.47983373204867086,0.9985350370407104,0.520351282187871,0.49476038558142565,0.9994885921478271,0.44121980809030115,0.4972741873491382,0.9968816637992859,0.43549341389111146,0.5090267743383139,0.9977969527244568,59.78358881875564,0
208,0.5233648532912849,0.4797440866629286,0.9985583424568176,0.520208665302822,0.49496766215279026,0.9995067119598389,0.4411151607831323,0.4977910192239856,0.996839702129364,0.4351851386683331,0.5091748493058346,0.9978024363517761,59.78358881875564,0
209,0.5232741350219368,0.4795874073391873,0.9985407590866089,0.520246735640935,0.49510277452923046,0.9995200634002686,0.44097233244351014,0.49817146431832127,0.9968122839927673,0.4346967098258794,0.5094061493873601,0.9977595806121826,59.78358881875564,0
210,0.5231715242067977,0.47948651370548107,0.9986065626144409,0.5203183917772207,0.4951875167233607,0.9995551705360413,0.44091306130091384,0.4983606182393578,0.9970070123672485,0.4339850814569568,0.5095037761188693,0.9978952407836914,59.78358881875564,0
211,0.5230608128366021,0.47936583984465864,0.9986137747764587,0.5203981314386644,0.4958709364845644,0.9995817542076111,0.4409814789181667,0.4982834997631259,0.9972152709960938,0.4334571631181811,0.5098377295902801,0.9980505108833313,59.78358881875564,0
212,0.522968329134442,0.47923527587027814,0.9986163377761841,0.5201327403386438,0.49675965025311464,0.9996111392974854,0.44109370311101315,0.498001173848198,0.9974139332771301,0.43293009769348906,0.5103370632444113,0.9982168674468994,59.78358881875564,0
213,0.522845756439936,0.479173390638261,0.9986022710800171,0.5193558675902235,0.49814887273879316,0.999618649482727,0.44094983878589844,0.4978308521565941,0.9975787401199341,0.43226835131645236,0.5107251519248603,0.9983440637588501,59.78358881875564,0
214,0.5226613254774188,0.4794656733671828,0.9986671209335327,0.5181229511896774,0.49964463710784957,0.9996317028999329,0.44070274063519105,0.4977856335185827,0.9977514743804932,0.4312947151206792,0.5107865248407641,0.9984464049339294,59.78358881875564,0
215,0.5224645506768004,0.4801330594789418,0.9987703561782837,0.5167019509133842,0.5009328126907353,0.9996578097343445,0.4403199823129748,0.49792408659344667,0.9979378581047058,0.4302043034916836,0.510989694368272,0.998577356338501,59.78358881875564,0
216,0.5222439652397524,0.48078986292793674,0.9988569617271423,0.5154597957928979,0.5025071927479339,0.9996803402900696,0.43976201897575773,0.4983147496268867,0.998072624206543,0.42919284105300937,0.5117260955628898,0.9986743330955505,59.78358881875564,0
217,0.5221079900151211,0.482071609724136,0.9989379048347473,0.5148254405884519,0.5044671467372353,0.9997026920318604,0.4393945747897742,0.49892471234003744,0.9981516599655151,0.4285556106340321,0.512686011337099,0.9987461566925049,59.78358881875564,0
218,0.5219571462699347,0.48315083980560314,0.9990144371986389,0.5143213740416938,0.5065870668206899,0.9997221827507019,0.438872426748276,0.4992106301443921,0.9982718825340271,0.42812388922487005,0.5131455404417857,0.9988176226615906,59.78358881875564,0
219,0.5218325810773033,0.4843090283019203,0.9990941286087036,0.5140767182622638,0.5089180426938196,0.9997450709342957,0.4383114491190231,0.4994090816804344,0.9984069466590881,0.4279221573046277,0.5134326602731434,0.9989085793495178,59.78358881875564,0
220,0.521734294437227,0.48554617521308724,0.9991492033004761,0.5140914732501618,0.5114600743566242,0.9997528791427612,0.4377116419020154,0.4995200669481643,0.9984697699546814,0.4279504148733049,0.5135473708311716,0.9989187121391296,59.78358881875564,0
