video_id,frame_index,timestamp_ms,shoulder_mid_x,shoulder_mid_y,hip_mid_x,hip_mid_y,spine_angle,lean_deviation,postural_deviation,shoulder_asymmetry_flag,lift_phase,low_visibility
30good,0,0.0,0.9406,0.3005,0.93,0.5119,2.9,42.1,0.222,0,clean_catch,0
30good,1,16.72653534183082,0.9405,0.3005,0.9296,0.5116,2.9,42.1,0.222,0,clean_catch,0
30good,2,33.45307068366164,0.9404,0.3004,0.9293,0.5113,3.0,42.0,0.222,0,clean_catch,0
30good,3,50.17960602549247,0.9403,0.3004,0.9292,0.5111,3.0,42.0,0.222,0,clean_catch,0
30good,4,66.90614136732329,0.9403,0.3003,0.9291,0.5111,3.1,41.9,0.222,0,clean_catch,0
30good,5,83.63267670915411,0.9403,0.3003,0.9291,0.5111,3.1,41.9,0.222,0,clean_catch,0
30good,6,100.35921205098494,0.9404,0.3002,0.9291,0.511,3.1,41.9,0.222,0,clean_catch,0
30good,7,117.08574739281576,0.9405,0.3001,0.9291,0.5109,3.1,41.9,0.222,0,clean_catch,0
30good,8,133.81228273464657,0.9407,0.3001,0.9292,0.5108,3.1,41.9,0.222,0,clean_catch,0
30good,9,150.5388180764774,0.9408,0.3,0.9292,0.5106,3.2,41.8,0.222,0,clean_catch,0
30good,10,167.26535341830822,0.9409,0.3,0.9293,0.5105,3.2,41.8,0.222,0,clean_catch,0
30good,11,183.99188876013903,0.9409,0.2999,0.9293,0.5105,3.2,41.8,0.222,0,clean_catch,0
30good,12,200.71842410196987,0.9408,0.2999,0.9293,0.5106,3.2,41.8,0.222,0,clean_catch,0
30good,13,217.44495944380068,0.9408,0.3001,0.9292,0.5108,3.2,41.8,0.222,0,clean_catch,0
30good,14,234.17149478563152,0.9408,0.3002,0.9292,0.5109,3.2,41.8,0.222,0,clean_catch,0
30good,15,250.89803012746233,0.9408,0.3004,0.9292,0.511,3.2,41.8,0.222,0,clean_catch,0
30good,16,267.62456546929315,0.9407,0.3007,0.9292,0.5112,3.1,41.9,0.222,0,clean_catch,0
30good,17,284.35110081112396,0.9407,0.3008,0.9291,0.5113,3.2,41.8,0.222,0,clean_catch,0
30good,18,301.0776361529548,0.9407,0.3007,0.929,0.5114,3.2,41.8,0.222,0,clean_catch,0
30good,19,317.80417149478563,0.9407,0.3006,0.9289,0.5116,3.2,41.8,0.223,0,clean_catch,0
30good,20,334.53070683661645,0.9407,0.3004,0.9288,0.5118,3.2,41.8,0.223,0,clean_catch,0
30good,21,351.25724217844726,0.9407,0.3003,0.9287,0.5119,3.2,41.8,0.224,0,clean_catch,0
30good,22,367.98377752027807,0.9406,0.3003,0.9287,0.512,3.2,41.8,0.224,0,clean_catch,0
30good,23,384.71031286210894,0.9405,0.3003,0.9287,0.512,3.2,41.8,0.223,0,clean_catch,0
30good,24,401.43684820393975,0.9405,0.3004,0.9287,0.5118,3.2,41.8,0.223,0,clean_catch,0
30good,25,418.16338354577056,0.9405,0.3004,0.9287,0.5115,3.2,41.8,0.223,0,clean_catch,0
30good,26,434.88991888760137,0.9405,0.3004,0.9287,0.5112,3.2,41.8,0.223,0,clean_catch,0
30good,27,451.6164542294322,0.9404,0.3002,0.9287,0.5109,3.2,41.8,0.222,0,clean_catch,0
30good,28,468.34298957126305,0.9404,0.3001,0.9287,0.5107,3.2,41.8,0.222,0,clean_catch,0
30good,29,485.06952491309386,0.9404,0.3,0.9287,0.5105,3.2,41.8,0.222,0,clean_catch,0
30good,30,501.79606025492467,0.9405,0.2999,0.9287,0.5104,3.2,41.8,0.222,0,clean_catch,0
30good,31,518.5225955967555,0.9405,0.2997,0.9287,0.5103,3.2,41.8,0.222,0,clean_catch,0
30good,32,535.2491309385863,0.9406,0.2995,0.9287,0.5102,3.2,41.8,0.223,0,clean_catch,0
30good,33,551.9756662804172,0.9407,0.2994,0.9287,0.5102,3.3,41.7,0.223,0,clean_catch,0
30good,34,568.7022016222479,0.9409,0.2993,0.9287,0.5102,3.3,41.7,0.223,0,clean_catch,0
30good,35,585.4287369640788,0.9409,0.2993,0.9287,0.5103,3.3,41.7,0.223,0,clean_catch,0
30good,36,602.1552723059096,0.941,0.2992,0.9287,0.5103,3.3,41.7,0.223,0,clean_catch,0
30good,37,618.8818076477404,0.941,0.2991,0.9287,0.5104,3.3,41.7,0.224,0,clean_catch,0
30good,38,635.6083429895713,0.941,0.2991,0.9287,0.5104,3.3,41.7,0.224,0,clean_catch,0
30good,39,652.334878331402,0.9411,0.299,0.9288,0.5103,3.3,41.7,0.224,0,clean_catch,0
30good,40,669.0614136732329,0.9411,0.2991,0.9288,0.5101,3.3,41.7,0.223,0,clean_catch,0
30good,41,685.7879490150638,0.9412,0.2992,0.9288,0.51,3.4,41.6,0.223,0,clean_catch,0
30good,42,702.5144843568945,0.9412,0.2992,0.9288,0.5099,3.4,41.6,0.223,0,clean_catch,0
30good,43,719.2410196987254,0.9412,0.2993,0.9289,0.5097,3.4,41.6,0.223,0,clean_catch,0
30good,44,735.9675550405561,0.9412,0.2993,0.9289,0.5095,3.4,41.6,0.223,0,clean_catch,0
30good,45,752.694090382387,0.9412,0.2993,0.9289,0.5091,3.3,41.7,0.222,0,clean_catch,0
30good,46,769.4206257242179,0.9412,0.2993,0.929,0.5088,3.3,41.7,0.222,0,clean_catch,0
30good,47,786.1471610660486,0.9412,0.2993,0.929,0.5086,3.4,41.6,0.222,0,clean_catch,0
30good,48,802.8736964078795,0.9412,0.2993,0.9289,0.5084,3.4,41.6,0.221,0,clean_catch,0
30good,49,819.6002317497102,0.9413,0.2993,0.9289,0.5085,3.4,41.6,0.222,0,clean_catch,0
30good,50,836.3267670915411,0.9413,0.2994,0.9288,0.5089,3.4,41.6,0.222,0,clean_catch,0
30good,51,853.053302433372,0.9413,0.2994,0.9288,0.5094,3.4,41.6,0.223,0,clean_catch,0
30good,52,869.7798377752027,0.9414,0.2995,0.9287,0.5099,3.4,41.6,0.223,0,clean_catch,0
30good,53,886.5063731170336,0.9414,0.2995,0.9287,0.5103,3.5,41.5,0.223,0,clean_catch,0
30good,54,903.2329084588644,0.9415,0.2995,0.9288,0.5103,3.4,41.6,0.223,0,clean_catch,0
30good,55,919.9594438006952,0.9415,0.2994,0.9289,0.5102,3.4,41.6,0.223,0,clean_catch,0
30good,56,936.6859791425261,0.9415,0.2993,0.9289,0.5102,3.4,41.6,0.223,0,clean_catch,0
30good,57,953.4125144843568,0.9415,0.2993,0.929,0.5103,3.4,41.6,0.224,0,clean_catch,0
30good,58,970.1390498261877,0.9415,0.2993,0.929,0.5104,3.4,41.6,0.224,0,clean_catch,0
30good,59,986.8655851680186,0.9416,0.2994,0.929,0.5104,3.4,41.6,0.224,0,clean_catch,0
30good,60,1003.5921205098493,0.9416,0.2994,0.929,0.5103,3.4,41.6,0.223,0,clean_catch,0
30good,61,1020.3186558516802,0.9416,0.2993,0.9291,0.5102,3.4,41.6,0.223,0,clean_catch,0
30good,62,1037.045191193511,0.9415,0.2993,0.9292,0.5102,3.4,41.6,0.223,0,clean_catch,0
30good,63,1053.7717265353417,0.9415,0.2992,0.9292,0.5103,3.3,41.7,0.223,0,clean_catch,0
30good,64,1070.4982618771726,0.9415,0.2993,0.9292,0.5106,3.3,41.7,0.224,0,clean_catch,0
30good,65,1087.2247972190034,0.9415,0.2993,0.9292,0.5109,3.3,41.7,0.224,0,clean_catch,0
30good,66,1103.9513325608343,0.9414,0.2994,0.9292,0.5112,3.3,41.7,0.224,0,clean_catch,0
30good,67,1120.6778679026652,0.9414,0.2995,0.9293,0.5113,3.3,41.7,0.224,0,clean_catch,0
30good,68,1137.4044032444958,0.9414,0.2995,0.9294,0.5113,3.3,41.7,0.224,0,clean_catch,0
30good,69,1154.1309385863267,0.9413,0.2996,0.9295,0.5111,3.2,41.8,0.223,0,clean_catch,0
30good,70,1170.8574739281576,0.9413,0.2996,0.9296,0.511,3.2,41.8,0.223,0,clean_catch,0
30good,71,1187.5840092699884,0.9413,0.2997,0.9296,0.511,3.2,41.8,0.223,0,clean_catch,0
30good,72,1204.3105446118193,0.9413,0.2997,0.9296,0.5111,3.2,41.8,0.223,0,clean_catch,0
30good,73,1221.03707995365,0.9413,0.2997,0.9296,0.5111,3.2,41.8,0.223,0,clean_catch,0
30good,74,1237.7636152954808,0.9413,0.2997,0.9296,0.5112,3.2,41.8,0.223,0,clean_catch,0
30good,75,1254.4901506373117,0.9413,0.2997,0.9296,0.5112,3.2,41.8,0.223,0,clean_catch,0
30good,76,1271.2166859791425,0.9413,0.2997,0.9296,0.5112,3.2,41.8,0.223,0,clean_catch,0
30good,77,1287.9432213209734,0.9413,0.2997,0.9296,0.5112,3.2,41.8,0.223,0,clean_catch,0
30good,78,1304.669756662804,0.9413,0.2997,0.9296,0.5111,3.2,41.8,0.223,0,clean_catch,0
30good,79,1321.396292004635,0.9413,0.2997,0.9296,0.511,3.2,41.8,0.223,0,clean_catch,0
30good,80,1338.1228273464658,0.9413,0.2998,0.9297,0.5108,3.2,41.8,0.223,0,clean_catch,0
30good,81,1354.8493626882967,0.9413,0.2998,0.9297,0.5105,3.1,41.9,0.222,0,clean_catch,0
30good,82,1371.5758980301275,0.9413,0.2999,0.9298,0.5102,3.1,41.9,0.222,0,clean_catch,0
30good,83,1388.3024333719582,0.9413,0.2999,0.9298,0.51,3.1,41.9,0.222,0,clean_catch,0
30good,84,1405.028968713789,0.9413,0.3,0.9298,0.5097,3.1,41.9,0.221,0,clean_catch,0
30good,85,1421.75550405562,0.9413,0.3,0.9299,0.5096,3.1,41.9,0.221,0,clean_catch,0
30good,86,1438.4820393974508,0.9413,0.3,0.93,0.5094,3.1,41.9,0.221,0,clean_catch,0
30good,87,1455.2085747392816,0.9414,0.3,0.9301,0.5093,3.1,41.9,0.221,0,clean_catch,0
30good,88,1471.9351100811123,0.9414,0.2999,0.9302,0.5093,3.1,41.9,0.221,0,clean_catch,0
30good,89,1488.6616454229431,0.9414,0.2998,0.9303,0.5092,3.1,41.9,0.221,0,clean_catch,0
30good,90,1505.388180764774,0.9414,0.2998,0.9303,0.5091,3.1,41.9,0.22,0,clean_catch,0
30good,91,1522.1147161066049,0.9415,0.2998,0.9303,0.5092,3.1,41.9,0.22,0,clean_catch,0
30good,92,1538.8412514484357,0.9414,0.2999,0.9303,0.5092,3.1,41.9,0.221,0,clean_catch,0
30good,93,1555.5677867902664,0.9414,0.2999,0.9303,0.5094,3.1,41.9,0.221,0,clean_catch,0
30good,94,1572.2943221320972,0.9414,0.3,0.9303,0.5095,3.1,41.9,0.221,0,clean_catch,0
30good,95,1589.0208574739281,0.9414,0.3,0.9303,0.5097,3.0,42.0,0.221,0,clean_catch,0
30good,96,1605.747392815759,0.9414,0.3,0.9303,0.5098,3.0,42.0,0.221,0,clean_catch,0
30good,97,1622.4739281575899,0.9414,0.3,0.9303,0.5099,3.0,42.0,0.221,0,clean_catch,0
30good,98,1639.2004634994205,0.9414,0.3,0.9303,0.5099,3.0,42.0,0.221,0,clean_catch,0
30good,99,1655.9269988412514,0.9414,0.3,0.9303,0.51,3.0,42.0,0.221,0,clean_catch,0
30good,100,1672.6535341830822,0.9414,0.3001,0.9303,0.5099,3.0,42.0,0.221,0,clean_catch,0
30good,101,1689.380069524913,0.9414,0.3001,0.9304,0.5097,3.0,42.0,0.221,0,clean_catch,0
30good,102,1706.106604866744,0.9414,0.3001,0.9304,0.5093,3.0,42.0,0.22,0,clean_catch,0
30good,103,1722.8331402085746,0.9415,0.3001,0.9304,0.5091,3.0,42.0,0.22,0,clean_catch,0
30good,104,1739.5596755504055,0.9415,0.3,0.9304,0.5089,3.0,42.0,0.22,0,clean_catch,0
30good,105,1756.2862108922363,0.9415,0.3,0.9304,0.509,3.0,42.0,0.22,0,clean_catch,0
30good,106,1773.0127462340672,0.9415,0.2999,0.9304,0.509,3.1,41.9,0.22,0,clean_catch,0
30good,107,1789.739281575898,0.9415,0.2999,0.9304,0.5089,3.1,41.9,0.22,0,clean_catch,0
30good,108,1806.4658169177287,0.9416,0.2999,0.9304,0.509,3.1,41.9,0.22,0,clean_catch,0
30good,109,1823.1923522595596,0.9416,0.2999,0.9303,0.5092,3.1,41.9,0.221,0,clean_catch,0
30good,110,1839.9188876013905,0.9415,0.2999,0.9302,0.5093,3.1,41.9,0.221,0,clean_catch,0
30good,111,1856.6454229432213,0.9415,0.3,0.9301,0.5095,3.1,41.9,0.221,0,clean_catch,0
30good,112,1873.3719582850522,0.9415,0.3001,0.93,0.5097,3.1,41.9,0.221,0,clean_catch,0
30good,113,1890.0984936268828,0.9414,0.3002,0.9299,0.5098,3.2,41.8,0.221,0,clean_catch,0
30good,114,1906.8250289687137,0.9414,0.3003,0.9298,0.51,3.2,41.8,0.221,0,clean_catch,0
30good,115,1923.5515643105446,0.9413,0.3005,0.9297,0.5102,3.2,41.8,0.221,0,clean_catch,0
30good,116,1940.2780996523754,0.9411,0.3007,0.9295,0.5103,3.2,41.8,0.221,0,clean_catch,0
30good,117,1957.0046349942063,0.9409,0.301,0.9293,0.5104,3.2,41.8,0.221,0,clean_catch,0
30good,118,1973.7311703360372,0.9408,0.3013,0.9292,0.5104,3.2,41.8,0.221,0,clean_catch,0
30good,119,1990.4577056778678,0.9407,0.3014,0.9291,0.5104,3.2,41.8,0.221,0,clean_catch,0
30good,120,2007.1842410196987,0.9408,0.3015,0.9291,0.5104,3.2,41.8,0.221,0,clean_catch,0
30good,121,2023.9107763615295,0.9408,0.3015,0.9291,0.5104,3.2,41.8,0.221,0,clean_catch,0
30good,122,2040.6373117033604,0.9408,0.3015,0.929,0.5104,3.2,41.8,0.221,0,clean_catch,0
30good,123,2057.363847045191,0.9409,0.3014,0.929,0.5103,3.3,41.7,0.221,0,clean_catch,0
30good,124,2074.090382387022,0.941,0.3013,0.929,0.5102,3.3,41.7,0.221,0,clean_catch,0
30good,125,2090.816917728853,0.9411,0.3011,0.9291,0.5099,3.3,41.7,0.221,0,clean_catch,0
30good,126,2107.5434530706834,0.9412,0.3011,0.9292,0.5097,3.3,41.7,0.221,0,clean_catch,0
30good,127,2124.2699884125145,0.9413,0.3012,0.9293,0.5096,3.3,41.7,0.221,0,clean_catch,0
30good,128,2140.996523754345,0.9414,0.3012,0.9294,0.5095,3.3,41.7,0.22,0,clean_catch,0
30good,129,2157.7230590961763,0.9415,0.3013,0.9294,0.5094,3.3,41.7,0.22,0,clean_catch,0
30good,130,2174.449594438007,0.9416,0.3014,0.9294,0.5093,3.3,41.7,0.22,0,clean_catch,0
30good,131,2191.1761297798375,0.9416,0.3014,0.9294,0.5092,3.4,41.6,0.22,0,clean_catch,0
30good,132,2207.9026651216686,0.9416,0.3014,0.9294,0.5092,3.4,41.6,0.22,0,clean_catch,0
30good,133,2224.6292004634993,0.9416,0.3016,0.9294,0.5092,3.4,41.6,0.22,0,clean_catch,0
30good,134,2241.3557358053304,0.9416,0.3016,0.9294,0.5092,3.4,41.6,0.22,0,clean_catch,0
30good,135,2258.082271147161,0.9415,0.3012,0.9294,0.5093,3.3,41.7,0.22,0,clean_catch,0
30good,136,2274.8088064889916,0.9414,0.3005,0.9294,0.5094,3.3,41.7,0.221,0,clean_catch,0
30good,137,2291.5353418308227,0.9412,0.2994,0.9295,0.5095,3.2,41.8,0.222,0,clean_catch,0
30good,138,2308.2618771726534,0.9411,0.2983,0.9295,0.5094,3.1,41.9,0.223,0,clean_catch,0
30good,139,2324.9884125144845,0.9409,0.2975,0.9296,0.5092,3.1,41.9,0.223,0,clean_catch,0
30good,140,2341.714947856315,0.9407,0.297,0.9296,0.509,3.0,42.0,0.223,0,clean_catch,0
30good,141,2358.4414831981458,0.9405,0.2966,0.9296,0.5088,2.9,42.1,0.223,0,clean_catch,0
30good,142,2375.168018539977,0.9402,0.2967,0.9296,0.5086,2.9,42.1,0.222,0,clean_catch,0
30good,143,2391.8945538818075,0.9399,0.2975,0.9297,0.5085,2.8,42.2,0.221,0,clean_catch,0
30good,144,2408.6210892236386,0.9397,0.2985,0.9297,0.5083,2.7,42.3,0.22,0,clean_catch,0
30good,145,2425.3476245654692,0.9395,0.2995,0.9297,0.5081,2.7,42.3,0.218,0,clean_catch,0
30good,146,2442.0741599073,0.9393,0.3002,0.9298,0.508,2.6,42.4,0.217,0,clean_catch,0
30good,147,2458.800695249131,0.939,0.3002,0.9297,0.5079,2.6,42.4,0.217,0,clean_catch,0
30good,148,2475.5272305909616,0.9389,0.3002,0.9297,0.5078,2.6,42.4,0.217,0,clean_catch,0
30good,149,2492.2537659327927,0.9388,0.3003,0.9296,0.5077,2.5,42.5,0.217,0,clean_catch,0
30good,150,2508.9803012746233,0.9387,0.3004,0.9295,0.5076,2.6,42.4,0.216,0,clean_catch,0
30good,151,2525.706836616454,0.9387,0.3006,0.9294,0.5075,2.6,42.4,0.216,0,clean_catch,0
30good,152,2542.433371958285,0.9385,0.3005,0.9293,0.5073,2.6,42.4,0.216,0,clean_catch,0
30good,153,2559.1599073001157,0.9384,0.2999,0.9292,0.5072,2.5,42.5,0.216,0,clean_catch,0
30good,154,2575.886442641947,0.9384,0.2992,0.9292,0.5071,2.6,42.4,0.217,0,clean_catch,0
30good,155,2592.6129779837775,0.9384,0.2986,0.9291,0.5071,2.6,42.4,0.218,0,clean_catch,0
30good,156,2609.339513325608,0.9384,0.2981,0.929,0.5072,2.6,42.4,0.218,0,clean_catch,0
30good,157,2626.066048667439,0.9385,0.2978,0.9289,0.5074,2.6,42.4,0.219,0,clean_catch,0
30good,158,2642.79258400927,0.9386,0.2973,0.9288,0.5075,2.7,42.3,0.22,0,clean_catch,0
30good,159,2659.519119351101,0.9389,0.2967,0.9287,0.5076,2.8,42.2,0.221,0,clean_catch,0
30good,160,2676.2456546929316,0.939,0.296,0.9287,0.5076,2.8,42.2,0.222,0,clean_catch,0
30good,161,2692.972190034762,0.9391,0.2956,0.9286,0.5076,2.8,42.2,0.223,0,clean_catch,0
30good,162,2709.6987253765933,0.939,0.2953,0.9286,0.5077,2.8,42.2,0.223,0,clean_catch,0
30good,163,2726.425260718424,0.9388,0.2952,0.9285,0.5077,2.8,42.2,0.223,0,clean_catch,0
30good,164,2743.151796060255,0.9386,0.2952,0.9284,0.5078,2.7,42.3,0.223,0,clean_catch,0
30good,165,2759.8783314020857,0.9384,0.2952,0.9284,0.5079,2.7,42.3,0.223,0,clean_catch,0
30good,166,2776.6048667439163,0.9382,0.2952,0.9283,0.508,2.7,42.3,0.223,0,clean_catch,0
30good,167,2793.3314020857474,0.9382,0.2951,0.9282,0.5082,2.7,42.3,0.223,0,clean_catch,0
30good,168,2810.057937427578,0.9382,0.2949,0.9281,0.5083,2.7,42.3,0.223,0,clean_catch,0
30good,169,2826.784472769409,0.9383,0.2947,0.9281,0.5084,2.7,42.3,0.224,0,clean_catch,0
30good,170,2843.51100811124,0.9383,0.2948,0.928,0.5085,2.8,42.2,0.224,0,clean_catch,0
30good,171,2860.2375434530704,0.9383,0.2951,0.928,0.5085,2.8,42.2,0.224,0,clean_catch,0
30good,172,2876.9640787949015,0.9382,0.2955,0.928,0.5086,2.8,42.2,0.223,0,clean_catch,0
30good,173,2893.690614136732,0.9381,0.296,0.928,0.5086,2.7,42.3,0.223,0,clean_catch,0
30good,174,2910.4171494785633,0.9379,0.2961,0.928,0.5085,2.7,42.3,0.222,0,clean_catch,0
30good,175,2927.143684820394,0.9378,0.296,0.928,0.5083,2.6,42.4,0.222,0,clean_catch,0
30good,176,2943.8702201622245,0.9377,0.296,0.928,0.5082,2.6,42.4,0.222,0,clean_catch,0
30good,177,2960.5967555040556,0.9376,0.2959,0.9281,0.508,2.6,42.4,0.222,0,clean_catch,0
30good,178,2977.3232908458863,0.9377,0.2959,0.9281,0.508,2.6,42.4,0.222,0,clean_catch,0
30good,179,2994.0498261877174,0.9377,0.2959,0.9281,0.508,2.6,42.4,0.222,0,clean_catch,0
30good,180,3010.776361529548,0.9378,0.2958,0.9281,0.508,2.6,42.4,0.222,0,clean_catch,0
30good,181,3027.5028968713787,0.9379,0.2959,0.9281,0.508,2.6,42.4,0.222,0,clean_catch,0
30good,182,3044.2294322132097,0.9379,0.2959,0.9281,0.5081,2.7,42.3,0.222,0,clean_catch,0
30good,183,3060.9559675550404,0.9378,0.296,0.9281,0.5082,2.6,42.4,0.222,0,clean_catch,0
30good,184,3077.6825028968715,0.9378,0.2961,0.928,0.5083,2.6,42.4,0.222,0,clean_catch,0
30good,185,3094.409038238702,0.9378,0.2963,0.928,0.5084,2.6,42.4,0.222,0,clean_catch,0
30good,186,3111.1355735805328,0.9378,0.2964,0.928,0.5085,2.6,42.4,0.222,0,clean_catch,0
30good,187,3127.862108922364,0.9377,0.2964,0.928,0.5085,2.6,42.4,0.222,0,clean_catch,0
30good,188,3144.5886442641945,0.9377,0.2964,0.928,0.5084,2.6,42.4,0.222,0,clean_catch,0
30good,189,3161.3151796060256,0.9377,0.2964,0.9279,0.5084,2.6,42.4,0.222,0,clean_catch,0
30good,190,3178.0417149478562,0.9377,0.2964,0.9279,0.5083,2.6,42.4,0.222,0,clean_catch,0
30good,191,3194.768250289687,0.9377,0.2964,0.9279,0.5084,2.7,42.3,0.222,0,clean_catch,0
30good,192,3211.494785631518,0.9378,0.2965,0.9279,0.5085,2.7,42.3,0.222,0,clean_catch,0
30good,193,3228.2213209733486,0.9379,0.2968,0.9279,0.5086,2.7,42.3,0.222,0,clean_catch,0
30good,194,3244.9478563151797,0.938,0.2971,0.9279,0.5088,2.7,42.3,0.222,0,clean_catch,0
30good,195,3261.6743916570103,0.938,0.2973,0.9279,0.5089,2.7,42.3,0.222,0,clean_catch,0
30good,196,3278.400926998841,0.9381,0.2974,0.9279,0.509,2.8,42.2,0.222,0,clean_catch,0
30good,197,3295.127462340672,0.9381,0.2973,0.9279,0.5089,2.8,42.2,0.222,0,clean_catch,0
30good,198,3311.8539976825027,0.9382,0.2973,0.928,0.5088,2.8,42.2,0.222,0,clean_catch,0
30good,199,3328.580533024334,0.9382,0.2973,0.928,0.5086,2.8,42.2,0.222,0,clean_catch,0
30good,200,3345.3070683661645,0.9383,0.2973,0.928,0.5085,2.8,42.2,0.222,0,clean_catch,0
30good,201,3362.033603707995,0.9384,0.2974,0.9279,0.5085,2.8,42.2,0.222,0,clean_catch,0
30good,202,3378.760139049826,0.9384,0.2975,0.9279,0.5086,2.8,42.2,0.222,0,clean_catch,0
30good,203,3395.486674391657,0.9384,0.2976,0.9279,0.5087,2.9,42.1,0.222,0,clean_catch,0
30good,204,3412.213209733488,0.9385,0.2977,0.9279,0.5088,2.9,42.1,0.222,0,clean_catch,0
30good,205,3428.9397450753186,0.9385,0.2978,0.9279,0.5088,2.9,42.1,0.222,0,clean_catch,0
30good,206,3445.666280417149,0.9385,0.2979,0.9278,0.5089,2.9,42.1,0.222,0,clean_catch,0
30good,207,3462.3928157589803,0.9385,0.298,0.9278,0.5089,2.9,42.1,0.222,0,clean_catch,0
30good,208,3479.119351100811,0.9385,0.298,0.9278,0.5089,2.9,42.1,0.222,0,clean_catch,0
30good,209,3495.845886442642,0.9386,0.298,0.9278,0.5089,2.9,42.1,0.222,0,clean_catch,0
30good,210,3512.5724217844727,0.9387,0.2981,0.9278,0.5088,3.0,42.0,0.222,0,clean_catch,0
30good,211,3529.2989571263033,0.9387,0.2982,0.9278,0.5088,3.0,42.0,0.222,0,clean_catch,0
30good,212,3546.0254924681344,0.9388,0.2983,0.9278,0.5089,3.0,42.0,0.222,0,clean_catch,0
30good,213,3562.752027809965,0.9388,0.2984,0.9278,0.5089,3.0,42.0,0.222,0,clean_catch,0
30good,214,3579.478563151796,0.9388,0.2984,0.9278,0.509,3.0,42.0,0.222,0,clean_catch,0
30good,215,3596.205098493627,0.9388,0.2982,0.9278,0.509,3.0,42.0,0.222,0,clean_catch,0
30good,216,3612.9316338354574,0.9388,0.2979,0.9278,0.509,3.0,42.0,0.222,0,clean_catch,0
30good,217,3629.6581691772885,0.9388,0.2976,0.9278,0.509,3.0,42.0,0.222,0,clean_catch,0
30good,218,3646.384704519119,0.9388,0.2975,0.9279,0.509,3.0,42.0,0.222,0,clean_catch,0
30good,219,3663.1112398609503,0.9388,0.2973,0.9279,0.509,2.9,42.1,0.222,0,clean_catch,0
30good,220,3679.837775202781,0.9388,0.2973,0.928,0.509,2.9,42.1,0.222,0,clean_catch,0
30good,221,3696.5643105446115,0.9388,0.2971,0.928,0.5089,2.9,42.1,0.223,0,clean_catch,0
30good,222,3713.2908458864426,0.939,0.297,0.9281,0.5089,2.9,42.1,0.223,0,clean_catch,0
30good,223,3730.0173812282733,0.9391,0.2968,0.9282,0.5089,2.9,42.1,0.223,0,clean_catch,0
30good,224,3746.7439165701044,0.9392,0.2966,0.9283,0.5089,2.9,42.1,0.223,0,clean_catch,0
30good,225,3763.470451911935,0.9393,0.2964,0.9284,0.5089,2.9,42.1,0.223,0,clean_catch,0
30good,226,3780.1969872537657,0.9394,0.2961,0.9284,0.5088,3.0,42.0,0.224,0,clean_catch,0
30good,227,3796.9235225955968,0.9394,0.2959,0.9284,0.5088,3.0,42.0,0.224,0,clean_catch,0
30good,228,3813.6500579374274,0.9395,0.2958,0.9284,0.5089,3.0,42.0,0.224,0,clean_catch,0
30good,229,3830.3765932792585,0.9395,0.2959,0.9284,0.509,3.0,42.0,0.224,0,clean_catch,0
30good,230,3847.103128621089,0.9395,0.296,0.9284,0.5091,3.0,42.0,0.224,0,clean_catch,0
30good,231,3863.82966396292,0.9395,0.2961,0.9284,0.5094,3.0,42.0,0.224,0,clean_catch,0
30good,232,3880.556199304751,0.9395,0.2962,0.9284,0.5096,3.0,42.0,0.225,0,clean_catch,0
30good,233,3897.2827346465815,0.9396,0.2962,0.9284,0.5098,3.0,42.0,0.225,0,clean_catch,0
30good,234,3914.0092699884126,0.9396,0.2963,0.9284,0.5099,3.0,42.0,0.225,0,clean_catch,0
30good,235,3930.7358053302432,0.9397,0.2964,0.9284,0.51,3.0,42.0,0.225,0,clean_catch,0
30good,236,3947.4623406720743,0.9397,0.2967,0.9284,0.5101,3.0,42.0,0.225,0,clean_catch,0
30good,237,3964.188876013905,0.9397,0.2969,0.9284,0.5102,3.0,42.0,0.225,0,clean_catch,0
30good,238,3980.9154113557356,0.9396,0.2971,0.9284,0.5103,3.0,42.0,0.224,0,clean_catch,0
30good,239,3997.6419466975667,0.9396,0.2972,0.9284,0.5104,3.0,42.0,0.224,0,clean_catch,0
30good,240,4014.3684820393973,0.9396,0.2973,0.9284,0.5104,3.0,42.0,0.224,0,clean_catch,0
30good,241,4031.0950173812284,0.9395,0.2974,0.9284,0.5104,3.0,42.0,0.224,0,clean_catch,0
30good,242,4047.821552723059,0.9395,0.2975,0.9284,0.5105,3.0,42.0,0.224,0,clean_catch,0
30good,243,4064.5480880648897,0.9394,0.2977,0.9284,0.5105,3.0,42.0,0.224,0,clean_catch,0
30good,244,4081.274623406721,0.9394,0.2979,0.9284,0.5106,3.0,42.0,0.224,0,clean_catch,0
30good,245,4098.0011587485515,0.9394,0.2981,0.9283,0.5106,3.0,42.0,0.224,0,clean_catch,0
30good,246,4114.727694090382,0.9394,0.2981,0.9283,0.5107,3.0,42.0,0.224,0,clean_catch,0
30good,247,4131.454229432213,0.9394,0.2981,0.9283,0.5108,3.0,42.0,0.224,0,clean_catch,0
30good,248,4148.180764774044,0.9394,0.2981,0.9283,0.5109,3.0,42.0,0.224,0,clean_catch,0
30good,249,4164.907300115875,0.9395,0.2981,0.9284,0.5109,3.0,42.0,0.224,0,clean_catch,0
30good,250,4181.633835457706,0.9395,0.298,0.9284,0.5109,3.0,42.0,0.224,0,clean_catch,0
30good,251,4198.360370799536,0.9395,0.298,0.9284,0.5108,3.0,42.0,0.224,0,clean_catch,0
30good,252,4215.086906141367,0.9395,0.298,0.9284,0.5107,3.0,42.0,0.224,0,clean_catch,0
30good,253,4231.813441483198,0.9395,0.2979,0.9284,0.5105,3.0,42.0,0.224,0,clean_catch,0
30good,254,4248.539976825029,0.9395,0.2979,0.9284,0.5104,3.0,42.0,0.224,0,clean_catch,0
30good,255,4265.26651216686,0.9395,0.2978,0.9284,0.5102,3.0,42.0,0.224,0,clean_catch,0
30good,256,4281.99304750869,0.9394,0.2977,0.9284,0.5101,3.0,42.0,0.223,0,clean_catch,0
30good,257,4298.719582850521,0.9394,0.2977,0.9284,0.5101,3.0,42.0,0.223,0,clean_catch,0
30good,258,4315.4461181923525,0.9394,0.2977,0.9285,0.51,3.0,42.0,0.223,0,clean_catch,0
30good,259,4332.172653534183,0.9395,0.2976,0.9285,0.5099,3.0,42.0,0.223,0,clean_catch,0
30good,260,4348.899188876014,0.9395,0.2976,0.9285,0.5099,3.0,42.0,0.223,0,clean_catch,0
30good,261,4365.625724217844,0.9394,0.2977,0.9285,0.5099,3.0,42.0,0.223,0,clean_catch,0
30good,262,4382.352259559675,0.9394,0.2977,0.9285,0.5098,3.0,42.0,0.223,0,clean_catch,0
30good,263,4399.078794901507,0.9394,0.2976,0.9285,0.5097,2.9,42.1,0.223,0,clean_catch,0
30good,264,4415.805330243337,0.9394,0.2976,0.9285,0.5097,2.9,42.1,0.223,0,clean_catch,0
30good,265,4432.531865585168,0.9393,0.2976,0.9285,0.5097,2.9,42.1,0.223,0,clean_catch,0
30good,266,4449.258400926999,0.9393,0.2977,0.9285,0.5097,2.9,42.1,0.223,0,clean_catch,0
30good,267,4465.984936268829,0.9393,0.2977,0.9285,0.5097,2.9,42.1,0.223,0,clean_catch,0
30good,268,4482.711471610661,0.9393,0.2978,0.9285,0.5097,2.9,42.1,0.223,0,clean_catch,0
30good,269,4499.438006952491,0.9393,0.2979,0.9285,0.5097,2.9,42.1,0.223,0,clean_catch,0
30good,270,4516.164542294322,0.9392,0.2979,0.9285,0.5096,2.9,42.1,0.222,0,clean_catch,0
30good,271,4532.891077636153,0.9392,0.298,0.9285,0.5096,2.9,42.1,0.222,0,clean_catch,0
30good,272,4549.617612977983,0.9392,0.2981,0.9285,0.5096,2.9,42.1,0.222,0,clean_catch,0
30good,273,4566.344148319815,0.9392,0.2982,0.9285,0.5096,2.9,42.1,0.222,0,clean_catch,0
30good,274,4583.0706836616455,0.9392,0.2983,0.9285,0.5096,2.9,42.1,0.222,0,clean_catch,0
30good,275,4599.797219003476,0.9391,0.2983,0.9285,0.5096,2.9,42.1,0.222,0,clean_catch,0
30good,276,4616.523754345307,0.9391,0.2984,0.9285,0.5096,2.9,42.1,0.222,0,clean_catch,0
30good,277,4633.250289687137,0.9391,0.2984,0.9285,0.5096,2.9,42.1,0.222,0,clean_catch,0
30good,278,4649.976825028969,0.9391,0.2984,0.9285,0.5097,2.9,42.1,0.222,0,clean_catch,0
30good,279,4666.7033603708,0.9391,0.2983,0.9286,0.5097,2.9,42.1,0.222,0,clean_catch,0
30good,280,4683.42989571263,0.9391,0.2983,0.9286,0.5097,2.9,42.1,0.222,0,clean_catch,0
30good,281,4700.156431054461,0.9392,0.2982,0.9286,0.5096,2.9,42.1,0.222,0,clean_catch,0
30good,282,4716.8829663962915,0.9392,0.2982,0.9286,0.5096,2.9,42.1,0.222,0,clean_catch,0
30good,283,4733.609501738123,0.9392,0.2982,0.9287,0.5096,2.8,42.2,0.222,0,clean_catch,0
30good,284,4750.336037079954,0.9391,0.2982,0.9287,0.5096,2.8,42.2,0.222,0,clean_catch,0
30good,285,4767.062572421784,0.9391,0.2981,0.9287,0.5097,2.8,42.2,0.222,0,clean_catch,0
30good,286,4783.789107763615,0.9391,0.2981,0.9287,0.5096,2.8,42.2,0.222,0,clean_catch,0
30good,287,4800.515643105446,0.9392,0.298,0.9288,0.5096,2.8,42.2,0.222,0,clean_catch,0
30good,288,4817.242178447277,0.9392,0.2979,0.9288,0.5095,2.8,42.2,0.222,0,clean_catch,0
30good,289,4833.968713789108,0.9393,0.2978,0.9288,0.5094,2.9,42.1,0.222,0,clean_catch,0
30good,290,4850.6952491309385,0.9394,0.2977,0.9288,0.5093,2.9,42.1,0.222,0,clean_catch,0
30good,291,4867.421784472769,0.9395,0.2977,0.9289,0.5093,2.9,42.1,0.222,0,clean_catch,0
30good,292,4884.1483198146,0.9395,0.2977,0.9289,0.5094,2.9,42.1,0.222,0,clean_catch,0
30good,293,4900.874855156431,0.9395,0.2978,0.9289,0.5095,2.9,42.1,0.222,0,clean_catch,0
30good,294,4917.601390498262,0.9395,0.2978,0.9288,0.5095,2.9,42.1,0.222,0,clean_catch,0
30good,295,4934.327925840093,0.9395,0.2978,0.9288,0.5095,2.9,42.1,0.222,0,clean_catch,0
30good,296,4951.054461181923,0.9395,0.2978,0.9288,0.5095,2.9,42.1,0.222,0,clean_catch,0
30good,297,4967.780996523754,0.9395,0.2978,0.9288,0.5096,2.9,42.1,0.222,0,clean_catch,0
30good,298,4984.507531865585,0.9396,0.2979,0.9288,0.5097,2.9,42.1,0.223,0,clean_catch,0
30good,299,5001.234067207416,0.9396,0.298,0.9288,0.5098,2.9,42.1,0.223,0,clean_catch,0
30good,300,5017.960602549247,0.9397,0.2981,0.9288,0.5099,2.9,42.1,0.223,0,clean_catch,0
30good,301,5034.687137891077,0.9398,0.2981,0.9288,0.5099,3.0,42.0,0.223,0,clean_catch,0
30good,302,5051.413673232908,0.9398,0.2981,0.9288,0.51,3.0,42.0,0.223,0,clean_catch,0
30good,303,5068.1402085747395,0.9398,0.2982,0.9288,0.51,3.0,42.0,0.223,0,clean_catch,0
30good,304,5084.86674391657,0.9399,0.2983,0.9288,0.5101,3.0,42.0,0.223,0,clean_catch,0
30good,305,5101.593279258401,0.9399,0.2985,0.9288,0.5103,3.0,42.0,0.223,0,clean_catch,0
30good,306,5118.319814600231,0.9399,0.2986,0.9288,0.5106,3.0,42.0,0.223,0,clean_catch,0
30good,307,5135.046349942062,0.9399,0.2987,0.9288,0.5108,3.0,42.0,0.223,0,clean_catch,0
30good,308,5151.772885283894,0.9399,0.2988,0.9288,0.5109,3.0,42.0,0.223,0,clean_catch,0
30good,309,5168.499420625724,0.9399,0.2988,0.9288,0.5109,3.0,42.0,0.223,0,clean_catch,0
30good,310,5185.225955967555,0.9399,0.2989,0.9288,0.5109,3.0,42.0,0.223,0,clean_catch,0
30good,311,5201.952491309386,0.9399,0.299,0.9289,0.5109,3.0,42.0,0.223,0,clean_catch,0
30good,312,5218.679026651216,0.9399,0.299,0.9289,0.511,3.0,42.0,0.223,0,clean_catch,0
30good,313,5235.405561993048,0.9398,0.299,0.9289,0.511,3.0,42.0,0.223,0,clean_catch,0
30good,314,5252.132097334878,0.9398,0.299,0.9289,0.5111,2.9,42.1,0.223,0,clean_catch,0
30good,315,5268.858632676709,0.9398,0.299,0.9289,0.5111,2.9,42.1,0.223,0,clean_catch,0
30good,316,5285.58516801854,0.9397,0.299,0.9289,0.5112,2.9,42.1,0.223,0,clean_catch,0
30good,317,5302.31170336037,0.9397,0.299,0.9289,0.5112,2.9,42.1,0.223,0,clean_catch,0
30good,318,5319.038238702202,0.9398,0.299,0.929,0.5111,2.9,42.1,0.223,0,clean_catch,0
30good,319,5335.7647740440325,0.9398,0.2989,0.929,0.5111,2.9,42.1,0.223,0,clean_catch,0
30good,320,5352.491309385863,0.9398,0.2989,0.929,0.511,2.9,42.1,0.223,0,clean_catch,0
30good,321,5369.217844727694,0.9398,0.299,0.929,0.511,2.9,42.1,0.223,0,clean_catch,0
30good,322,5385.944380069524,0.9398,0.299,0.929,0.5109,2.9,42.1,0.223,0,clean_catch,0
30good,323,5402.670915411356,0.9398,0.2989,0.929,0.5109,2.9,42.1,0.223,0,clean_catch,0
30good,324,5419.397450753187,0.94,0.2987,0.9291,0.5109,2.9,42.1,0.223,0,clean_catch,0
30good,325,5436.123986095017,0.9401,0.2986,0.9291,0.5109,3.0,42.0,0.223,0,clean_catch,0
30good,326,5452.850521436848,0.9402,0.2982,0.9291,0.5109,3.0,42.0,0.224,0,clean_catch,0
30good,327,5469.5770567786785,0.9401,0.2978,0.929,0.511,3.0,42.0,0.224,0,clean_catch,0
30good,328,5486.30359212051,0.94,0.2973,0.929,0.5112,3.0,42.0,0.225,0,clean_catch,0
30good,329,5503.030127462341,0.9399,0.2973,0.9289,0.5116,2.9,42.1,0.225,0,clean_catch,0
30good,330,5519.756662804171,0.9397,0.2977,0.9289,0.512,2.9,42.1,0.225,0,clean_catch,0
30good,331,5536.483198146002,0.9397,0.2984,0.9288,0.5122,2.9,42.1,0.225,0,clean_catch,0
30good,332,5553.209733487833,0.9397,0.2989,0.9287,0.5122,2.9,42.1,0.224,0,clean_catch,0
30good,333,5569.936268829664,0.9397,0.2992,0.9287,0.512,3.0,42.0,0.224,0,clean_catch,0
30good,334,5586.662804171495,0.9396,0.2994,0.9287,0.5118,3.0,42.0,0.223,0,clean_catch,0
30good,335,5603.3893395133255,0.9395,0.2996,0.9287,0.5115,2.9,42.1,0.223,0,clean_catch,0
30good,336,5620.115874855156,0.9394,0.2998,0.9287,0.5113,2.9,42.1,0.222,0,clean_catch,0
30good,337,5636.842410196987,0.9394,0.2999,0.9286,0.5112,2.9,42.1,0.222,0,clean_catch,0
30good,338,5653.568945538818,0.9393,0.2999,0.9286,0.511,2.9,42.1,0.222,0,clean_catch,0
30good,339,5670.295480880649,0.9393,0.2997,0.9285,0.5106,2.9,42.1,0.222,0,clean_catch,0
30good,340,5687.02201622248,0.9393,0.2996,0.9285,0.5101,3.0,42.0,0.221,0,clean_catch,0
30good,341,5703.74855156431,0.9393,0.2995,0.9285,0.5097,3.0,42.0,0.221,0,clean_catch,0
30good,342,5720.475086906141,0.9392,0.2991,0.9284,0.5094,2.9,42.1,0.221,0,clean_catch,0
30good,343,5737.201622247972,0.9393,0.2984,0.9284,0.5092,3.0,42.0,0.222,0,clean_catch,0
30good,344,5753.928157589803,0.9395,0.2977,0.9284,0.509,3.0,42.0,0.222,0,clean_catch,0
30good,345,5770.654692931634,0.9399,0.2969,0.9285,0.5088,3.1,41.9,0.223,0,clean_catch,0
30good,346,5787.381228273464,0.9402,0.2968,0.9286,0.5087,3.1,41.9,0.224,0,clean_catch,0
30good,347,5804.107763615295,0.9403,0.2978,0.9287,0.5086,3.1,41.9,0.222,0,clean_catch,0
30good,348,5820.8342989571265,0.9401,0.2994,0.9288,0.5084,3.1,41.9,0.22,0,clean_catch,0
30good,349,5837.560834298957,0.9399,0.3009,0.9288,0.5081,3.1,41.9,0.218,0,clean_catch,0
30good,350,5854.287369640788,0.9398,0.302,0.9287,0.5078,3.1,41.9,0.217,0,clean_catch,0
30good,351,5871.013904982618,0.9399,0.3022,0.9286,0.5075,3.1,41.9,0.217,0,clean_catch,0
30good,352,5887.740440324449,0.9401,0.3022,0.9285,0.5075,3.2,41.8,0.217,0,clean_catch,0
30good,353,5904.466975666281,0.9403,0.3019,0.9283,0.5077,3.3,41.7,0.218,0,clean_catch,0
30good,354,5921.193511008111,0.9406,0.3017,0.928,0.5078,3.5,41.5,0.219,0,clean_catch,0
30good,355,5937.920046349942,0.9409,0.3012,0.9277,0.5079,3.7,41.3,0.22,0,clean_catch,0
30good,356,5954.646581691773,0.9412,0.3008,0.9273,0.508,3.8,41.2,0.221,0,clean_catch,0
30good,357,5971.373117033603,0.9415,0.3006,0.9271,0.508,4.0,41.0,0.222,0,clean_catch,0
30good,358,5988.099652375435,0.9415,0.3007,0.927,0.5083,4.0,41.0,0.222,0,clean_catch,0
30good,359,6004.826187717265,0.9415,0.3008,0.927,0.5086,4.0,41.0,0.222,0,clean_catch,0
30good,360,6021.552723059096,0.9414,0.301,0.927,0.5088,4.0,41.0,0.222,0,clean_catch,0
30good,361,6038.279258400927,0.9414,0.3011,0.927,0.5088,4.0,41.0,0.222,0,clean_catch,0
30good,362,6055.005793742757,0.9413,0.3011,0.927,0.509,3.9,41.1,0.222,0,clean_catch,0
30good,363,6071.732329084589,0.9411,0.3012,0.927,0.5091,3.9,41.1,0.222,0,clean_catch,0
30good,364,6088.4588644264195,0.9409,0.3013,0.927,0.5092,3.8,41.2,0.222,0,clean_catch,0
30good,365,6105.18539976825,0.9408,0.3013,0.927,0.5094,3.8,41.2,0.222,0,clean_catch,0
30good,366,6121.911935110081,0.9407,0.3014,0.927,0.5097,3.8,41.2,0.222,0,clean_catch,0
30good,367,6138.638470451911,0.9408,0.3016,0.927,0.5099,3.8,41.2,0.222,0,clean_catch,0
30good,368,6155.365005793743,0.9408,0.3018,0.927,0.5101,3.8,41.2,0.222,0,clean_catch,0
30good,369,6172.091541135574,0.9409,0.302,0.927,0.5101,3.8,41.2,0.222,0,clean_catch,0
30good,370,6188.818076477404,0.9409,0.3021,0.927,0.5101,3.9,41.1,0.222,0,clean_catch,0
30good,371,6205.544611819235,0.941,0.3021,0.9269,0.51,3.9,41.1,0.222,0,clean_catch,0
30good,372,6222.2711471610655,0.941,0.3021,0.9269,0.5099,3.9,41.1,0.222,0,clean_catch,0
30good,373,6238.997682502897,0.941,0.3022,0.9269,0.5099,3.9,41.1,0.222,0,clean_catch,0
30good,374,6255.724217844728,0.941,0.3023,0.9269,0.5099,3.9,41.1,0.222,0,clean_catch,0
30good,375,6272.450753186558,0.941,0.3024,0.9269,0.5099,3.9,41.1,0.222,0,clean_catch,0
30good,376,6289.177288528389,0.941,0.3024,0.9269,0.5099,3.9,41.1,0.222,0,clean_catch,0
30good,377,6305.90382387022,0.941,0.3023,0.9269,0.5099,3.9,41.1,0.222,0,clean_catch,0
30good,378,6322.630359212051,0.941,0.3022,0.9269,0.5098,3.9,41.1,0.222,0,clean_catch,0
30good,379,6339.356894553882,0.941,0.3022,0.9269,0.5098,3.9,41.1,0.222,0,clean_catch,0
30good,380,6356.0834298957125,0.9409,0.3021,0.9268,0.5098,3.9,41.1,0.222,0,clean_catch,0
30good,381,6372.809965237543,0.9408,0.3021,0.9268,0.5098,3.9,41.1,0.222,0,clean_catch,0
30good,382,6389.536500579374,0.9407,0.3022,0.9267,0.5098,3.9,41.1,0.222,0,clean_catch,0
30good,383,6406.263035921205,0.9407,0.3021,0.9267,0.5097,3.9,41.1,0.222,0,clean_catch,0
30good,384,6422.989571263036,0.9407,0.302,0.9267,0.5095,3.9,41.1,0.221,0,clean_catch,0
30good,385,6439.716106604867,0.9407,0.3019,0.9268,0.5093,3.8,41.2,0.221,0,clean_catch,0
30good,386,6456.442641946697,0.9407,0.3019,0.9269,0.5092,3.8,41.2,0.221,0,clean_catch,0
30good,387,6473.169177288528,0.9407,0.3019,0.927,0.5092,3.8,41.2,0.221,0,clean_catch,0
30good,388,6489.895712630359,0.9409,0.3019,0.9271,0.5092,3.8,41.2,0.221,0,clean_catch,0
30good,389,6506.62224797219,0.941,0.302,0.9271,0.5092,3.8,41.2,0.221,0,clean_catch,0
30good,390,6523.348783314021,0.9411,0.302,0.9271,0.5093,3.9,41.1,0.221,0,clean_catch,0
30good,391,6540.075318655851,0.9411,0.3021,0.9271,0.5093,3.9,41.1,0.221,0,clean_catch,0
30good,392,6556.801853997682,0.9411,0.3021,0.9272,0.5094,3.9,41.1,0.221,0,clean_catch,0
30good,393,6573.5283893395135,0.9411,0.3021,0.9272,0.5094,3.8,41.2,0.221,0,clean_catch,0
30good,394,6590.254924681344,0.941,0.3021,0.9272,0.5094,3.8,41.2,0.221,0,clean_catch,0
30good,395,6606.981460023175,0.941,0.302,0.9272,0.5094,3.8,41.2,0.221,0,clean_catch,0
30good,396,6623.707995365005,0.9409,0.3019,0.9272,0.5095,3.8,41.2,0.221,0,clean_catch,0
30good,397,6640.434530706836,0.9408,0.3019,0.9272,0.5095,3.8,41.2,0.221,0,clean_catch,0
30good,398,6657.161066048668,0.9407,0.3018,0.9272,0.5095,3.7,41.3,0.221,0,clean_catch,0
30good,399,6673.887601390498,0.9407,0.3017,0.9272,0.5095,3.7,41.3,0.221,0,clean_catch,0
30good,400,6690.614136732329,0.9408,0.3017,0.9272,0.5096,3.7,41.3,0.221,0,clean_catch,0
30good,401,6707.34067207416,0.9407,0.3018,0.9272,0.5099,3.7,41.3,0.222,0,clean_catch,0
30good,402,6724.06720741599,0.9406,0.3019,0.9272,0.5102,3.7,41.3,0.222,0,clean_catch,0
30good,403,6740.793742757822,0.9405,0.302,0.9271,0.5105,3.7,41.3,0.222,0,clean_catch,0
30good,404,6757.520278099652,0.9403,0.3022,0.9271,0.5107,3.6,41.4,0.222,0,clean_catch,0
30good,405,6774.246813441483,0.9401,0.3023,0.927,0.5107,3.6,41.4,0.222,0,clean_catch,0
30good,406,6790.973348783314,0.94,0.3023,0.927,0.5108,3.6,41.4,0.222,0,clean_catch,0
30good,407,6807.699884125144,0.9399,0.3023,0.9269,0.5108,3.6,41.4,0.221,0,clean_catch,0
30good,408,6824.426419466976,0.9397,0.3022,0.9269,0.5108,3.5,41.5,0.221,0,clean_catch,0
30good,409,6841.1529548088065,0.9396,0.3022,0.9269,0.5108,3.5,41.5,0.221,0,clean_catch,0
30good,410,6857.879490150637,0.9395,0.3022,0.9269,0.5108,3.5,41.5,0.221,0,clean_catch,0
30good,411,6874.606025492468,0.9394,0.3022,0.9269,0.5109,3.5,41.5,0.221,0,clean_catch,0
30good,412,6891.332560834298,0.9394,0.3022,0.9268,0.511,3.4,41.6,0.221,0,clean_catch,0
30good,413,6908.05909617613,0.9393,0.3019,0.9268,0.5111,3.4,41.6,0.222,0,clean_catch,0
30good,414,6924.785631517961,0.9393,0.3016,0.9267,0.511,3.5,41.5,0.222,0,clean_catch,0
30good,415,6941.512166859791,0.9393,0.3011,0.9266,0.511,3.5,41.5,0.223,0,clean_catch,0
30good,416,6958.238702201622,0.9393,0.3008,0.9265,0.5109,3.5,41.5,0.223,0,clean_catch,0
30good,417,6974.9652375434525,0.9393,0.3005,0.9264,0.5106,3.5,41.5,0.223,0,clean_catch,0
30good,418,6991.691772885284,0.9393,0.3003,0.9264,0.5104,3.5,41.5,0.223,0,clean_catch,0
30good,419,7008.418308227115,0.9393,0.3002,0.9264,0.5101,3.5,41.5,0.223,0,clean_catch,0
30good,420,7025.144843568945,0.9393,0.3001,0.9264,0.5098,3.5,41.5,0.223,0,clean_catch,0
30good,421,7041.871378910776,0.9393,0.3001,0.9263,0.5097,3.5,41.5,0.223,0,clean_catch,0
30good,422,7058.597914252607,0.9393,0.3,0.9262,0.5096,3.6,41.4,0.223,0,clean_catch,0
30good,423,7075.324449594438,0.9393,0.3,0.9261,0.5095,3.6,41.4,0.223,0,clean_catch,0
30good,424,7092.050984936269,0.9393,0.2999,0.926,0.5095,3.6,41.4,0.223,0,clean_catch,0
30good,425,7108.7775202780995,0.9393,0.2998,0.926,0.5095,3.6,41.4,0.223,0,clean_catch,0
30good,426,7125.50405561993,0.9393,0.2997,0.926,0.5095,3.6,41.4,0.223,0,clean_catch,0
30good,427,7142.230590961761,0.9393,0.2997,0.926,0.5095,3.6,41.4,0.223,0,clean_catch,0
30good,428,7158.957126303592,0.9393,0.2997,0.926,0.5095,3.6,41.4,0.223,0,clean_catch,0
30good,429,7175.683661645423,0.9393,0.2997,0.926,0.5095,3.6,41.4,0.223,0,clean_catch,0
30good,430,7192.410196987254,0.9393,0.2997,0.926,0.5094,3.6,41.4,0.223,0,clean_catch,0
30good,431,7209.136732329084,0.9393,0.2997,0.926,0.5093,3.6,41.4,0.223,0,clean_catch,0
30good,432,7225.863267670915,0.9393,0.2997,0.926,0.5093,3.6,41.4,0.223,0,clean_catch,0
30good,433,7242.589803012746,0.9393,0.2997,0.926,0.5093,3.6,41.4,0.223,0,clean_catch,0
30good,434,7259.316338354577,0.9393,0.2997,0.926,0.5094,3.6,41.4,0.223,0,clean_catch,0
30good,435,7276.042873696408,0.9393,0.2996,0.9259,0.5096,3.6,41.4,0.223,0,clean_catch,0
30good,436,7292.769409038238,0.9393,0.2996,0.9259,0.5098,3.6,41.4,0.224,0,clean_catch,0
30good,437,7309.495944380069,0.9392,0.2997,0.9258,0.51,3.6,41.4,0.224,0,clean_catch,0
30good,438,7326.2224797219005,0.9392,0.2997,0.9258,0.5102,3.6,41.4,0.224,0,clean_catch,0
30good,439,7342.949015063731,0.9391,0.2998,0.9258,0.5104,3.6,41.4,0.224,0,clean_catch,0
30good,440,7359.675550405562,0.9391,0.2997,0.9258,0.5104,3.6,41.4,0.224,0,clean_catch,0
30good,441,7376.402085747392,0.9391,0.2997,0.9258,0.5103,3.6,41.4,0.224,0,clean_catch,0
30good,442,7393.128621089223,0.9391,0.2997,0.9258,0.5103,3.6,41.4,0.224,0,clean_catch,0
30good,443,7409.855156431055,0.9391,0.2996,0.9258,0.5103,3.6,41.4,0.224,0,clean_catch,0
30good,444,7426.581691772885,0.9391,0.2997,0.9258,0.5104,3.6,41.4,0.224,0,clean_catch,0
30good,445,7443.308227114716,0.9391,0.2997,0.9259,0.5104,3.6,41.4,0.224,0,clean_catch,0
30good,446,7460.034762456547,0.9391,0.2997,0.9259,0.5104,3.6,41.4,0.224,0,clean_catch,0
30good,447,7476.761297798377,0.9392,0.2998,0.9259,0.5104,3.6,41.4,0.224,0,clean_catch,0
30good,448,7493.487833140209,0.9392,0.2998,0.9259,0.5104,3.6,41.4,0.224,0,clean_catch,0
30good,449,7510.214368482039,0.9393,0.2998,0.9259,0.5104,3.6,41.4,0.224,0,clean_catch,0
30good,450,7526.94090382387,0.9393,0.2998,0.926,0.5104,3.6,41.4,0.224,0,clean_catch,0
30good,451,7543.667439165701,0.9393,0.2998,0.926,0.5103,3.6,41.4,0.224,0,clean_catch,0
30good,452,7560.393974507531,0.9393,0.2999,0.9261,0.5101,3.6,41.4,0.224,0,clean_catch,0
30good,453,7577.120509849363,0.9394,0.2999,0.9261,0.51,3.6,41.4,0.223,0,clean_catch,0
30good,454,7593.8470451911935,0.9394,0.2999,0.9261,0.5099,3.6,41.4,0.223,0,clean_catch,0
30good,455,7610.573580533024,0.9395,0.2999,0.9261,0.5099,3.6,41.4,0.223,0,clean_catch,0
30good,456,7627.300115874855,0.9395,0.2999,0.9262,0.5099,3.6,41.4,0.223,0,clean_catch,0
30good,457,7644.026651216685,0.9395,0.2999,0.9262,0.5098,3.6,41.4,0.223,0,clean_catch,0
30good,458,7660.753186558517,0.9395,0.2998,0.9262,0.5097,3.6,41.4,0.223,0,clean_catch,0
30good,459,7677.479721900348,0.9395,0.2997,0.9262,0.5096,3.6,41.4,0.223,0,clean_catch,0
30good,460,7694.206257242178,0.9395,0.2997,0.9262,0.5094,3.6,41.4,0.223,0,clean_catch,0
30good,461,7710.932792584009,0.9395,0.2996,0.9263,0.5091,3.6,41.4,0.223,0,clean_catch,0
30good,462,7727.65932792584,0.9396,0.2995,0.9263,0.5088,3.6,41.4,0.223,0,clean_catch,0
30good,463,7744.385863267671,0.9396,0.2994,0.9264,0.5086,3.6,41.4,0.222,0,clean_catch,0
30good,464,7761.112398609502,0.9395,0.2993,0.9267,0.5084,3.5,41.5,0.222,0,clean_catch,0
30good,465,7777.838933951332,0.9395,0.2991,0.927,0.5083,3.4,41.6,0.222,0,clean_catch,0
30good,466,7794.565469293163,0.9395,0.299,0.9274,0.5081,3.3,41.7,0.221,0,clean_catch,0
30good,467,7811.292004634995,0.9395,0.2989,0.9276,0.5081,3.3,41.7,0.221,0,clean_catch,0
30good,468,7828.018539976825,0.9395,0.2989,0.9276,0.508,3.2,41.8,0.221,0,clean_catch,0
30good,469,7844.745075318656,0.9394,0.2988,0.9276,0.5081,3.2,41.8,0.221,0,clean_catch,0
30good,470,7861.4716106604865,0.9394,0.2988,0.9276,0.5081,3.2,41.8,0.221,0,clean_catch,0
30good,471,7878.198146002317,0.9394,0.2988,0.9276,0.5081,3.2,41.8,0.221,0,clean_catch,0
30good,472,7894.924681344149,0.9393,0.2987,0.9276,0.5081,3.2,41.8,0.221,0,clean_catch,0
30good,473,7911.651216685979,0.9393,0.2987,0.9276,0.508,3.2,41.8,0.221,0,clean_catch,0
30good,474,7928.37775202781,0.9393,0.2987,0.9276,0.508,3.2,41.8,0.221,0,clean_catch,0
30good,475,7945.104287369641,0.9393,0.2988,0.9277,0.508,3.2,41.8,0.221,0,clean_catch,0
30good,476,7961.830822711471,0.9393,0.2988,0.9277,0.508,3.2,41.8,0.221,0,clean_catch,0
30good,477,7978.557358053303,0.9394,0.2988,0.9277,0.508,3.2,41.8,0.221,0,clean_catch,0
30good,478,7995.283893395133,0.9394,0.2988,0.9277,0.508,3.2,41.8,0.221,0,clean_catch,0
30good,479,8012.010428736964,0.9394,0.2989,0.9277,0.508,3.2,41.8,0.221,0,clean_catch,0
30good,480,8028.736964078795,0.9394,0.299,0.9277,0.508,3.2,41.8,0.221,0,clean_catch,0
30good,481,8045.463499420625,0.9394,0.299,0.9277,0.508,3.2,41.8,0.221,0,clean_catch,0
30good,482,8062.190034762457,0.9395,0.2989,0.9277,0.508,3.2,41.8,0.221,0,clean_catch,0
30good,483,8078.9165701042875,0.9395,0.2989,0.9277,0.508,3.2,41.8,0.221,0,clean_catch,0
30good,484,8095.643105446118,0.9396,0.2988,0.9277,0.508,3.3,41.7,0.221,0,clean_catch,0
30good,485,8112.369640787949,0.9397,0.2988,0.9277,0.5079,3.3,41.7,0.221,0,clean_catch,0
30good,486,8129.096176129779,0.9397,0.2988,0.9277,0.5079,3.3,41.7,0.221,0,clean_catch,0
30good,487,8145.822711471611,0.9398,0.2989,0.9277,0.5079,3.3,41.7,0.221,0,clean_catch,0
30good,488,8162.549246813442,0.9398,0.299,0.9277,0.5079,3.3,41.7,0.221,0,clean_catch,0
30good,489,8179.275782155272,0.9399,0.299,0.9277,0.5079,3.3,41.7,0.221,0,clean_catch,0
30good,490,8196.002317497103,0.9399,0.299,0.9277,0.5078,3.4,41.6,0.221,0,clean_catch,0
30good,491,8212.728852838934,0.9399,0.299,0.9277,0.5077,3.4,41.6,0.221,0,clean_catch,0
30good,492,8229.455388180764,0.9399,0.2989,0.9277,0.5075,3.4,41.6,0.221,0,clean_catch,0
30good,493,8246.181923522596,0.9399,0.2988,0.9277,0.5073,3.4,41.6,0.221,0,clean_catch,0
30good,494,8262.908458864425,0.9399,0.2988,0.9277,0.5072,3.3,41.7,0.221,0,clean_catch,0
30good,495,8279.634994206257,0.9399,0.2988,0.9277,0.5072,3.3,41.7,0.221,0,clean_catch,0
30good,496,8296.361529548089,0.9399,0.2988,0.9277,0.5072,3.3,41.7,0.221,0,clean_catch,0
30good,497,8313.088064889918,0.9399,0.2988,0.9278,0.5072,3.3,41.7,0.221,0,clean_catch,0
30good,498,8329.81460023175,0.9399,0.2987,0.9278,0.5072,3.3,41.7,0.221,0,clean_catch,0
30good,499,8346.54113557358,0.9399,0.2987,0.9278,0.5072,3.3,41.7,0.221,0,clean_catch,0
30good,500,8363.267670915411,0.9399,0.2987,0.9278,0.5071,3.3,41.7,0.221,0,clean_catch,0
30good,501,8379.994206257243,0.9399,0.2986,0.9278,0.5071,3.3,41.7,0.221,0,clean_catch,0
30good,502,8396.720741599072,0.9399,0.2986,0.9279,0.5072,3.3,41.7,0.221,0,clean_catch,0
30good,503,8413.447276940904,0.9399,0.2986,0.9279,0.5073,3.3,41.7,0.221,0,clean_catch,0
30good,504,8430.173812282734,0.9399,0.2987,0.9279,0.5074,3.3,41.7,0.221,0,clean_catch,0
30good,505,8446.900347624565,0.9399,0.2988,0.928,0.5077,3.3,41.7,0.221,0,clean_catch,0
30good,506,8463.626882966397,0.9399,0.2989,0.928,0.5079,3.3,41.7,0.221,0,clean_catch,0
30good,507,8480.353418308227,0.9399,0.2989,0.928,0.508,3.3,41.7,0.221,0,clean_catch,0
30good,508,8497.079953650058,0.9398,0.2989,0.928,0.5081,3.3,41.7,0.221,0,clean_catch,0
30good,509,8513.806488991888,0.9398,0.2989,0.928,0.5082,3.2,41.8,0.221,0,clean_catch,0
30good,510,8530.53302433372,0.9398,0.299,0.928,0.5082,3.2,41.8,0.221,0,clean_catch,0
30good,511,8547.259559675551,0.9398,0.2991,0.928,0.5083,3.2,41.8,0.221,0,clean_catch,0
30good,512,8563.98609501738,0.9398,0.2992,0.928,0.5084,3.2,41.8,0.221,0,clean_catch,0
30good,513,8580.712630359212,0.9398,0.2993,0.928,0.5085,3.2,41.8,0.221,0,clean_catch,0
30good,514,8597.439165701042,0.9398,0.2995,0.928,0.5086,3.2,41.8,0.221,0,clean_catch,0
30good,515,8614.165701042873,0.9398,0.2996,0.928,0.5087,3.3,41.7,0.221,0,clean_catch,0
30good,516,8630.892236384705,0.9399,0.2998,0.928,0.5087,3.3,41.7,0.221,0,clean_catch,0
30good,517,8647.618771726535,0.9399,0.2998,0.928,0.5087,3.3,41.7,0.221,0,clean_catch,0
30good,518,8664.345307068366,0.9399,0.2998,0.928,0.5087,3.3,41.7,0.221,0,clean_catch,0
30good,519,8681.071842410196,0.94,0.2999,0.928,0.5086,3.3,41.7,0.221,0,clean_catch,0
30good,520,8697.798377752028,0.94,0.3001,0.928,0.5087,3.3,41.7,0.221,0,clean_catch,0
30good,521,8714.52491309386,0.9401,0.3004,0.928,0.5089,3.3,41.7,0.221,0,clean_catch,0
30good,522,8731.251448435689,0.9403,0.3007,0.928,0.5091,3.4,41.6,0.221,0,clean_catch,0
30good,523,8747.97798377752,0.9405,0.301,0.928,0.5093,3.4,41.6,0.221,0,clean_catch,0
30good,524,8764.70451911935,0.9406,0.301,0.9281,0.5094,3.5,41.5,0.221,0,clean_catch,0
30good,525,8781.431054461182,0.9407,0.301,0.9282,0.5094,3.5,41.5,0.221,0,clean_catch,0
30good,526,8798.157589803013,0.9407,0.301,0.9282,0.5096,3.4,41.6,0.221,0,clean_catch,0
30good,527,8814.884125144843,0.9407,0.3013,0.9282,0.5099,3.4,41.6,0.221,0,clean_catch,0
30good,528,8831.610660486675,0.9405,0.3013,0.9282,0.5103,3.4,41.6,0.221,0,clean_catch,0
30good,529,8848.337195828504,0.9401,0.3009,0.9282,0.5106,3.3,41.7,0.222,0,clean_catch,0
30good,530,8865.063731170336,0.9398,0.3003,0.9282,0.5106,3.2,41.8,0.222,0,clean_catch,0
30good,531,8881.790266512167,0.9397,0.2995,0.9281,0.5105,3.1,41.9,0.223,0,clean_catch,0
30good,532,8898.516801853997,0.9398,0.2988,0.9282,0.5103,3.2,41.8,0.223,0,clean_catch,0
30good,533,8915.243337195829,0.9402,0.299,0.9283,0.5102,3.2,41.8,0.223,0,clean_catch,0
30good,534,8931.969872537658,0.9403,0.2996,0.9284,0.5102,3.2,41.8,0.222,0,clean_catch,0
30good,535,8948.69640787949,0.9402,0.3003,0.9285,0.5101,3.2,41.8,0.222,0,clean_catch,0
30good,536,8965.422943221321,0.9401,0.3008,0.9286,0.5101,3.2,41.8,0.221,0,clean_catch,0
30good,537,8982.149478563151,0.9403,0.3007,0.9285,0.5101,3.2,41.8,0.221,0,clean_catch,0
30good,538,8998.876013904983,0.9406,0.3006,0.9284,0.5102,3.3,41.7,0.222,0,clean_catch,0
30good,539,9015.602549246812,0.9412,0.3012,0.9284,0.5103,3.5,41.5,0.222,0,clean_catch,0
30good,540,9032.329084588644,0.9419,0.3022,0.9285,0.5101,3.7,41.3,0.221,0,clean_catch,0
30good,541,9049.055619930476,0.9424,0.3032,0.9285,0.5098,3.8,41.2,0.22,0,clean_catch,0
30good,542,9065.782155272305,0.9425,0.3038,0.9285,0.5092,3.9,41.1,0.219,0,clean_catch,0
30good,543,9082.508690614137,0.9426,0.3035,0.9285,0.5085,3.9,41.1,0.219,0,clean_catch,0
30good,544,9099.235225955967,0.9424,0.3033,0.9286,0.5081,3.9,41.1,0.219,0,clean_catch,0
30good,545,9115.961761297798,0.9422,0.3034,0.9287,0.508,3.8,41.2,0.218,0,clean_catch,0
30good,546,9132.68829663963,0.9421,0.3038,0.9289,0.5079,3.7,41.3,0.217,0,clean_catch,0
30good,547,9149.41483198146,0.9419,0.3041,0.9291,0.5077,3.6,41.4,0.216,0,clean_catch,0
30good,548,9166.141367323291,0.9418,0.3045,0.9292,0.5076,3.6,41.4,0.216,0,clean_catch,0
30good,549,9182.86790266512,0.9418,0.3047,0.929,0.5076,3.6,41.4,0.216,0,clean_catch,0
30good,550,9199.594438006952,0.9417,0.305,0.9288,0.5083,3.6,41.4,0.216,0,clean_catch,0
30good,551,9216.320973348784,0.9416,0.3053,0.9283,0.5096,3.7,41.3,0.218,0,clean_catch,0
30good,552,9233.047508690614,0.9415,0.3054,0.9276,0.5113,3.9,41.1,0.22,0,clean_catch,0
30good,553,9249.774044032445,0.9415,0.3052,0.927,0.5127,4.0,41.0,0.222,0,clean_catch,0
30good,554,9266.500579374275,0.9414,0.305,0.9266,0.5139,4.1,40.9,0.224,0,clean_catch,0
30good,555,9283.227114716106,0.9414,0.3048,0.9263,0.5144,4.1,40.9,0.225,0,clean_catch,0
30good,556,9299.953650057938,0.9414,0.3047,0.9262,0.5147,4.1,40.9,0.225,0,clean_catch,0
30good,557,9316.680185399768,0.9414,0.3046,0.9262,0.5147,4.1,40.9,0.225,0,clean_catch,0
30good,558,9333.4067207416,0.9414,0.3045,0.926,0.5146,4.2,40.8,0.225,0,clean_catch,0
30good,559,9350.133256083429,0.9414,0.3044,0.9258,0.5143,4.3,40.7,0.226,0,clean_catch,0
30good,560,9366.85979142526,0.9415,0.3043,0.9256,0.5138,4.3,40.7,0.225,0,clean_catch,0
30good,561,9383.586326767092,0.9415,0.3043,0.9256,0.5133,4.3,40.7,0.225,0,clean_catch,0
30good,562,9400.312862108922,0.9414,0.3045,0.9257,0.5128,4.3,40.7,0.224,0,clean_catch,0
30good,563,9417.039397450753,0.9414,0.3046,0.9257,0.5125,4.3,40.7,0.224,0,clean_catch,0
30good,564,9433.765932792583,0.9414,0.3046,0.9259,0.5124,4.3,40.7,0.223,0,clean_catch,0
30good,565,9450.492468134415,0.9413,0.3045,0.9261,0.5125,4.2,40.8,0.223,0,clean_catch,0
30good,566,9467.219003476246,0.9413,0.3044,0.9263,0.5126,4.1,40.9,0.223,0,clean_catch,0
30good,567,9483.945538818076,0.9413,0.3042,0.9265,0.5126,4.1,40.9,0.223,0,clean_catch,0
30good,568,9500.672074159907,0.9412,0.304,0.9266,0.5128,4.0,41.0,0.223,0,clean_catch,0
30good,569,9517.398609501737,0.9412,0.3038,0.9266,0.513,4.0,41.0,0.224,0,clean_catch,0
30good,570,9534.125144843569,0.9411,0.3037,0.9266,0.5133,4.0,41.0,0.224,0,clean_catch,0
30good,571,9550.8516801854,0.941,0.3036,0.9266,0.5136,3.9,41.1,0.224,0,clean_catch,0
30good,572,9567.57821552723,0.9409,0.3035,0.9266,0.5139,3.9,41.1,0.225,0,clean_catch,0
30good,573,9584.304750869062,0.9408,0.3035,0.9266,0.5139,3.9,41.1,0.225,0,clean_catch,0
30good,574,9601.031286210891,0.9408,0.3035,0.9266,0.5139,3.8,41.2,0.225,0,clean_catch,0
30good,575,9617.757821552723,0.9407,0.3034,0.9266,0.5139,3.8,41.2,0.225,0,clean_catch,0
30good,576,9634.484356894554,0.9407,0.3034,0.9266,0.5139,3.8,41.2,0.225,0,clean_catch,0
30good,577,9651.210892236384,0.9407,0.3034,0.9266,0.514,3.8,41.2,0.225,0,clean_catch,0
30good,578,9667.937427578216,0.9407,0.3034,0.9266,0.514,3.8,41.2,0.225,0,clean_catch,0
30good,579,9684.663962920045,0.9407,0.3034,0.9267,0.514,3.8,41.2,0.225,0,clean_catch,0
30good,580,9701.390498261877,0.9407,0.3034,0.9267,0.5141,3.8,41.2,0.225,0,clean_catch,0
30good,581,9718.117033603708,0.9406,0.3035,0.9267,0.5141,3.8,41.2,0.225,0,clean_catch,0
30good,582,9734.843568945538,0.9406,0.3035,0.9267,0.514,3.8,41.2,0.224,0,clean_catch,0
30good,583,9751.57010428737,0.9406,0.3034,0.9267,0.514,3.8,41.2,0.224,0,clean_catch,0
30good,584,9768.2966396292,0.9406,0.3034,0.9267,0.5139,3.8,41.2,0.224,0,clean_catch,0
30good,585,9785.023174971031,0.9405,0.3034,0.9267,0.5138,3.8,41.2,0.224,0,clean_catch,0
30good,586,9801.749710312863,0.9406,0.3034,0.9267,0.5137,3.8,41.2,0.224,0,clean_catch,0
30good,587,9818.476245654692,0.9406,0.3034,0.9266,0.5136,3.8,41.2,0.224,0,clean_catch,0
30good,588,9835.202780996524,0.9407,0.3035,0.9266,0.5134,3.9,41.1,0.224,0,clean_catch,0
30good,589,9851.929316338354,0.9408,0.3037,0.9265,0.5129,3.9,41.1,0.223,0,clean_catch,0
30good,590,9868.655851680185,0.9408,0.3039,0.9265,0.5124,3.9,41.1,0.223,0,clean_catch,0
30good,591,9885.382387022017,0.9409,0.304,0.9265,0.5117,4.0,41.0,0.222,0,clean_catch,0
30good,592,9902.108922363846,0.941,0.304,0.9264,0.5114,4.0,41.0,0.222,0,clean_catch,0
30good,593,9918.835457705678,0.9411,0.3039,0.9264,0.5115,4.1,40.9,0.222,0,clean_catch,0
30good,594,9935.561993047508,0.9413,0.304,0.9264,0.5116,4.1,40.9,0.222,0,clean_catch,0
30good,595,9952.28852838934,0.9413,0.304,0.9265,0.5117,4.1,40.9,0.223,0,clean_catch,0
30good,596,9969.01506373117,0.9413,0.3041,0.9265,0.512,4.1,40.9,0.223,0,clean_catch,0
30good,597,9985.741599073,0.9413,0.3042,0.9264,0.5124,4.1,40.9,0.223,0,clean_catch,0
30good,598,10002.468134414832,0.9413,0.3042,0.9263,0.513,4.1,40.9,0.224,0,clean_catch,0
30good,599,10019.194669756662,0.9413,0.3041,0.9262,0.5137,4.1,40.9,0.225,0,clean_catch,0
30good,600,10035.921205098493,0.9414,0.3039,0.9262,0.5143,4.1,40.9,0.226,0,clean_catch,0
30good,601,10052.647740440325,0.9414,0.3038,0.9262,0.5146,4.1,40.9,0.226,0,clean_catch,0
30good,602,10069.374275782155,0.9415,0.3037,0.9263,0.5147,4.1,40.9,0.226,0,clean_catch,0
30good,603,10086.100811123986,0.9416,0.3037,0.9264,0.5146,4.1,40.9,0.226,0,clean_catch,0
30good,604,10102.827346465816,0.9417,0.3037,0.9265,0.5142,4.1,40.9,0.226,0,clean_catch,0
30good,605,10119.553881807647,0.9418,0.3036,0.9266,0.5138,4.1,40.9,0.225,0,clean_catch,0
30good,606,10136.280417149479,0.9418,0.3037,0.9266,0.5136,4.1,40.9,0.225,0,clean_catch,0
30good,607,10153.006952491309,0.942,0.3038,0.9267,0.5136,4.2,40.8,0.225,0,clean_catch,0
30good,608,10169.73348783314,0.9421,0.304,0.9268,0.5134,4.2,40.8,0.225,0,clean_catch,0
30good,609,10186.46002317497,0.9422,0.3043,0.9268,0.5127,4.2,40.8,0.224,0,clean_catch,0
30good,610,10203.186558516802,0.9422,0.3045,0.9269,0.5117,4.2,40.8,0.223,0,clean_catch,0
30good,611,10219.913093858633,0.9422,0.3044,0.9269,0.5107,4.3,40.7,0.222,0,clean_catch,0
30good,612,10236.639629200463,0.9422,0.3045,0.9269,0.5103,4.3,40.7,0.221,0,clean_catch,0
30good,613,10253.366164542294,0.9423,0.3049,0.9269,0.5109,4.3,40.7,0.221,0,clean_catch,0
30good,614,10270.092699884124,0.9425,0.3055,0.927,0.5115,4.3,40.7,0.222,0,clean_catch,0
30good,615,10286.819235225956,0.9426,0.3059,0.9269,0.512,4.3,40.7,0.222,0,clean_catch,0
30good,616,10303.545770567787,0.9427,0.3063,0.9269,0.5126,4.4,40.6,0.222,0,clean_catch,0
30good,617,10320.272305909617,0.9427,0.3064,0.9268,0.5131,4.4,40.6,0.223,0,clean_catch,0
30good,618,10336.998841251449,0.9427,0.3065,0.9267,0.5136,4.4,40.6,0.223,0,clean_catch,0
30good,619,10353.725376593278,0.9427,0.3066,0.9267,0.5141,4.4,40.6,0.224,0,clean_catch,0
30good,620,10370.45191193511,0.9427,0.3066,0.9267,0.514,4.4,40.6,0.223,0,clean_catch,0
30good,621,10387.178447276941,0.9426,0.3065,0.9267,0.5136,4.4,40.6,0.223,0,clean_catch,0
30good,622,10403.904982618771,0.9426,0.3062,0.9267,0.5132,4.4,40.6,0.223,0,clean_catch,0
30good,623,10420.631517960603,0.9426,0.306,0.9267,0.5128,4.4,40.6,0.223,0,clean_catch,0
30good,624,10437.358053302432,0.9426,0.3058,0.9267,0.5126,4.4,40.6,0.223,0,clean_catch,0
30good,625,10454.084588644264,0.9427,0.3057,0.9268,0.5126,4.4,40.6,0.223,0,clean_catch,0
30good,626,10470.811123986095,0.9428,0.3056,0.9268,0.5126,4.4,40.6,0.223,0,clean_catch,0
30good,627,10487.537659327925,0.9429,0.3056,0.9268,0.5127,4.4,40.6,0.223,0,clean_catch,0
30good,628,10504.264194669757,0.943,0.3056,0.9268,0.5128,4.5,40.5,0.223,0,clean_catch,0
30good,629,10520.990730011586,0.9432,0.3056,0.9268,0.5129,4.5,40.5,0.224,0,clean_catch,0
30good,630,10537.717265353418,0.9433,0.3056,0.9267,0.5129,4.6,40.4,0.224,0,clean_catch,0
30good,631,10554.44380069525,0.9434,0.3056,0.9267,0.5128,4.6,40.4,0.224,0,clean_catch,0
30good,632,10571.17033603708,0.9435,0.3054,0.9267,0.5126,4.7,40.3,0.224,0,clean_catch,0
30good,633,10587.89687137891,0.9437,0.3051,0.9267,0.5123,4.7,40.3,0.224,0,clean_catch,0
30good,634,10604.62340672074,0.9438,0.3049,0.9267,0.512,4.7,40.3,0.224,0,clean_catch,0
30good,635,10621.349942062572,0.9439,0.3048,0.9268,0.5118,4.7,40.3,0.224,0,clean_catch,0
30good,636,10638.076477404404,0.944,0.3049,0.9269,0.5119,4.7,40.3,0.224,0,clean_catch,0
30good,637,10654.803012746233,0.9441,0.3049,0.9269,0.5121,4.7,40.3,0.224,0,clean_catch,0
30good,638,10671.529548088065,0.9441,0.305,0.927,0.5122,4.7,40.3,0.224,0,clean_catch,0
30good,639,10688.256083429895,0.9441,0.3049,0.927,0.5124,4.7,40.3,0.225,0,clean_catch,0
30good,640,10704.982618771726,0.9441,0.3049,0.927,0.5124,4.7,40.3,0.225,0,clean_catch,0
30good,641,10721.709154113558,0.9441,0.3049,0.9269,0.5127,4.7,40.3,0.225,0,clean_catch,0
30good,642,10738.435689455388,0.9441,0.3051,0.9269,0.5134,4.7,40.3,0.225,0,clean_catch,0
30good,643,10755.16222479722,0.9441,0.3054,0.9268,0.5141,4.7,40.3,0.226,0,clean_catch,0
30good,644,10771.888760139049,0.9443,0.3057,0.9267,0.5147,4.8,40.2,0.227,0,clean_catch,0
30good,645,10788.61529548088,0.9444,0.306,0.9266,0.5153,4.9,40.1,0.227,0,clean_catch,0
30good,646,10805.341830822712,0.9446,0.3061,0.9265,0.5155,4.9,40.1,0.227,0,clean_catch,0
30good,647,10822.068366164542,0.9446,0.3061,0.9264,0.5157,5.0,40.0,0.228,0,clean_catch,0
30good,648,10838.794901506373,0.9445,0.306,0.9263,0.516,5.0,40.0,0.228,0,clean_catch,0
30good,649,10855.521436848203,0.9445,0.3059,0.9261,0.5161,5.0,40.0,0.229,0,clean_catch,0
30good,650,10872.247972190034,0.9445,0.3059,0.9261,0.5162,5.0,40.0,0.229,0,clean_catch,0
30good,651,10888.974507531866,0.9444,0.3059,0.926,0.5162,5.0,40.0,0.229,0,clean_catch,0
30good,652,10905.701042873696,0.9444,0.3061,0.926,0.5162,5.0,40.0,0.228,0,clean_catch,0
30good,653,10922.427578215527,0.9443,0.3063,0.9261,0.5162,5.0,40.0,0.228,0,clean_catch,0
30good,654,10939.154113557357,0.9441,0.3065,0.9261,0.5162,4.9,40.1,0.228,0,clean_catch,0
30good,655,10955.880648899189,0.944,0.3066,0.9261,0.5162,4.9,40.1,0.227,0,clean_catch,0
30good,656,10972.60718424102,0.944,0.3066,0.9261,0.5161,4.9,40.1,0.227,0,clean_catch,0
30good,657,10989.33371958285,0.9439,0.3065,0.9261,0.516,4.9,40.1,0.227,0,clean_catch,0
30good,658,11006.060254924681,0.9439,0.3064,0.9261,0.5157,4.8,40.2,0.227,0,clean_catch,0
30good,659,11022.786790266511,0.9439,0.3062,0.9261,0.5155,4.8,40.2,0.227,0,clean_catch,0
30good,660,11039.513325608343,0.9439,0.306,0.9261,0.5152,4.8,40.2,0.227,0,clean_catch,0
30good,661,11056.239860950174,0.9439,0.3057,0.9261,0.5151,4.8,40.2,0.227,0,clean_catch,0
30good,662,11072.966396292004,0.9439,0.3054,0.9261,0.5151,4.9,40.1,0.227,0,clean_catch,0
30good,663,11089.692931633836,0.944,0.3052,0.9261,0.5151,4.9,40.1,0.228,0,clean_catch,0
30good,664,11106.419466975665,0.944,0.3053,0.9262,0.515,4.9,40.1,0.228,0,clean_catch,0
30good,665,11123.146002317497,0.944,0.3053,0.9262,0.5148,4.9,40.1,0.227,0,clean_catch,0
30good,666,11139.872537659328,0.944,0.3054,0.9262,0.5146,4.9,40.1,0.227,0,clean_catch,0
30good,667,11156.599073001158,0.9439,0.3055,0.9262,0.5145,4.9,40.1,0.227,0,clean_catch,0
30good,668,11173.32560834299,0.9439,0.3055,0.9262,0.5143,4.9,40.1,0.226,0,clean_catch,0
30good,669,11190.05214368482,0.9439,0.3056,0.9262,0.5142,4.9,40.1,0.226,0,clean_catch,0
30good,670,11206.778679026651,0.944,0.3057,0.9262,0.514,4.9,40.1,0.226,0,clean_catch,0
30good,671,11223.505214368482,0.944,0.3058,0.9262,0.5139,4.9,40.1,0.226,0,clean_catch,0
30good,672,11240.231749710312,0.944,0.3058,0.9262,0.5138,4.9,40.1,0.226,0,clean_catch,0
30good,673,11256.958285052144,0.9441,0.3059,0.9262,0.5139,4.9,40.1,0.226,0,clean_catch,0
30good,674,11273.684820393973,0.9441,0.3059,0.9262,0.514,4.9,40.1,0.226,0,clean_catch,0
30good,675,11290.411355735805,0.9441,0.3057,0.9262,0.5139,4.9,40.1,0.226,0,clean_catch,0
30good,676,11307.137891077637,0.9442,0.3055,0.9262,0.5137,4.9,40.1,0.226,0,clean_catch,0
30good,677,11323.864426419466,0.9441,0.3052,0.9262,0.5136,4.9,40.1,0.226,0,clean_catch,0
30good,678,11340.590961761298,0.9441,0.305,0.9262,0.5134,4.9,40.1,0.226,0,clean_catch,0
30good,679,11357.317497103128,0.9441,0.3049,0.9261,0.5134,4.9,40.1,0.226,0,clean_catch,0
30good,680,11374.04403244496,0.9441,0.3049,0.9261,0.5134,4.9,40.1,0.226,0,clean_catch,0
30good,681,11390.77056778679,0.9441,0.3049,0.9262,0.5133,4.9,40.1,0.226,0,clean_catch,0
30good,682,11407.49710312862,0.9442,0.3049,0.9262,0.5131,4.9,40.1,0.226,0,clean_catch,0
30good,683,11424.223638470452,0.9442,0.3049,0.9263,0.5129,4.9,40.1,0.226,0,clean_catch,0
30good,684,11440.950173812282,0.9442,0.3049,0.9263,0.5128,4.9,40.1,0.226,0,clean_catch,0
30good,685,11457.676709154113,0.9442,0.3048,0.9263,0.5128,4.9,40.1,0.226,0,clean_catch,0
30good,686,11474.403244495945,0.9442,0.3048,0.9263,0.5128,4.9,40.1,0.226,0,clean_catch,0
30good,687,11491.129779837775,0.9442,0.3048,0.9263,0.5127,4.9,40.1,0.226,0,clean_catch,0
30good,688,11507.856315179606,0.9442,0.3048,0.9263,0.5127,4.9,40.1,0.226,0,clean_catch,0
30good,689,11524.582850521436,0.9442,0.3049,0.9263,0.5126,4.9,40.1,0.226,0,clean_catch,0
30good,690,11541.309385863267,0.9442,0.3049,0.9263,0.5125,4.9,40.1,0.226,0,clean_catch,0
30good,691,11558.035921205099,0.9442,0.305,0.9262,0.5123,5.0,40.0,0.225,0,clean_catch,0
30good,692,11574.762456546929,0.9442,0.3052,0.9262,0.5128,5.0,40.0,0.226,0,clean_catch,0
30good,693,11591.48899188876,0.9442,0.3054,0.9262,0.5137,5.0,40.0,0.226,0,clean_catch,0
30good,694,11608.21552723059,0.9442,0.3057,0.9262,0.5147,4.9,40.1,0.227,0,clean_catch,0
30good,695,11624.942062572421,0.9443,0.306,0.9262,0.5156,4.9,40.1,0.228,0,clean_catch,0
30good,696,11641.668597914253,0.9443,0.3061,0.9262,0.5159,4.9,40.1,0.228,0,clean_catch,0
30good,697,11658.395133256083,0.9443,0.306,0.9263,0.5156,4.9,40.1,0.228,0,clean_catch,0
30good,698,11675.121668597914,0.9444,0.306,0.9263,0.5156,4.9,40.1,0.228,0,clean_catch,0
30good,699,11691.848203939744,0.9444,0.3061,0.9264,0.5156,4.9,40.1,0.228,0,clean_catch,0
30good,700,11708.574739281576,0.9445,0.3061,0.9264,0.5156,4.9,40.1,0.228,0,clean_catch,0
30good,701,11725.301274623407,0.9445,0.3061,0.9264,0.5156,4.9,40.1,0.228,0,clean_catch,0
30good,702,11742.027809965237,0.9446,0.3061,0.9265,0.5154,4.9,40.1,0.227,0,clean_catch,0
30good,703,11758.754345307068,0.9446,0.306,0.9265,0.5152,4.9,40.1,0.227,0,clean_catch,0
30good,704,11775.480880648898,0.9447,0.3057,0.9266,0.5149,4.9,40.1,0.227,0,clean_catch,0
30good,705,11792.20741599073,0.9448,0.3054,0.9267,0.5145,5.0,40.0,0.227,0,clean_catch,0
30good,706,11808.933951332561,0.9449,0.305,0.9267,0.5141,5.0,40.0,0.227,0,clean_catch,0
30good,707,11825.660486674391,0.945,0.3047,0.9267,0.5137,5.0,40.0,0.227,0,clean_catch,0
30good,708,11842.387022016223,0.9452,0.3047,0.9267,0.5134,5.1,39.9,0.227,0,clean_catch,0
30good,709,11859.113557358052,0.9452,0.3048,0.9267,0.5133,5.1,39.9,0.227,0,clean_catch,0
30good,710,11875.840092699884,0.9453,0.3049,0.9267,0.5132,5.1,39.9,0.227,0,clean_catch,0
30good,711,11892.566628041715,0.9453,0.3049,0.9268,0.5132,5.1,39.9,0.227,0,clean_catch,0
30good,712,11909.293163383545,0.9452,0.305,0.9268,0.5131,5.1,39.9,0.227,0,clean_catch,0
30good,713,11926.019698725377,0.9451,0.3049,0.9269,0.5131,5.0,40.0,0.226,0,clean_catch,0
30good,714,11942.746234067206,0.945,0.3049,0.9268,0.5132,5.0,40.0,0.226,0,clean_catch,0
30good,715,11959.472769409038,0.9448,0.3049,0.9267,0.5132,4.9,40.1,0.226,0,clean_catch,0
30good,716,11976.19930475087,0.9445,0.305,0.9267,0.5133,4.9,40.1,0.226,0,clean_catch,0
30good,717,11992.9258400927,0.9443,0.305,0.9266,0.5133,4.9,40.1,0.226,0,clean_catch,0
30good,718,12009.65237543453,0.9442,0.305,0.9265,0.5133,4.9,40.1,0.226,0,clean_catch,0
30good,719,12026.37891077636,0.944,0.3051,0.9264,0.5133,4.9,40.1,0.226,0,clean_catch,0
30good,720,12043.105446118192,0.9439,0.3051,0.9263,0.5134,4.8,40.2,0.226,0,clean_catch,0
30good,721,12059.831981460024,0.9437,0.3051,0.9262,0.5134,4.8,40.2,0.226,0,clean_catch,0
30good,722,12076.558516801853,0.9435,0.305,0.9262,0.5133,4.7,40.3,0.226,0,clean_catch,0
30good,723,12093.285052143685,0.9432,0.3049,0.9263,0.5133,4.7,40.3,0.225,0,clean_catch,0
30good,724,12110.011587485515,0.9429,0.3045,0.9263,0.5134,4.5,40.5,0.225,0,clean_catch,0
30good,725,12126.738122827346,0.9426,0.304,0.9264,0.5134,4.4,40.6,0.226,0,clean_catch,0
30good,726,12143.464658169178,0.9424,0.3035,0.9265,0.5135,4.3,40.7,0.226,0,clean_catch,0
30good,727,12160.191193511007,0.9422,0.3032,0.9265,0.5137,4.3,40.7,0.226,0,clean_catch,0
30good,728,12176.917728852839,0.9422,0.3031,0.9266,0.5139,4.2,40.8,0.227,0,clean_catch,0
30good,729,12193.644264194669,0.9422,0.3031,0.9266,0.514,4.2,40.8,0.227,0,clean_catch,0
30good,730,12210.3707995365,0.9421,0.3031,0.9266,0.514,4.2,40.8,0.226,0,clean_catch,0
30good,731,12227.097334878332,0.942,0.303,0.9267,0.5138,4.2,40.8,0.226,0,clean_catch,0
30good,732,12243.823870220162,0.9418,0.303,0.9267,0.5134,4.1,40.9,0.226,0,clean_catch,0
30good,733,12260.550405561993,0.9415,0.303,0.9267,0.5131,4.0,41.0,0.225,0,clean_catch,0
30good,734,12277.276940903823,0.9412,0.303,0.9266,0.5128,4.0,41.0,0.224,0,clean_catch,0
30good,735,12294.003476245654,0.941,0.3029,0.9265,0.5125,4.0,41.0,0.224,0,clean_catch,0
30good,736,12310.730011587486,0.9409,0.3027,0.9264,0.5121,4.0,41.0,0.224,0,clean_catch,0
30good,737,12327.456546929316,0.9409,0.3025,0.9262,0.5117,4.0,41.0,0.224,0,clean_catch,0
30good,738,12344.183082271147,0.9409,0.3023,0.9261,0.5113,4.1,40.9,0.224,0,clean_catch,0
30good,739,12360.909617612977,0.9409,0.3021,0.926,0.5111,4.1,40.9,0.224,0,clean_catch,0
30good,740,12377.636152954808,0.9409,0.302,0.9259,0.511,4.1,40.9,0.224,0,clean_catch,0
30good,741,12394.36268829664,0.9409,0.302,0.9258,0.511,4.1,40.9,0.224,0,clean_catch,0
30good,742,12411.08922363847,0.9408,0.3019,0.9258,0.511,4.1,40.9,0.224,0,clean_catch,0
30good,743,12427.815758980301,0.9408,0.3019,0.9258,0.511,4.1,40.9,0.224,0,clean_catch,0
30good,744,12444.542294322131,0.9407,0.3019,0.9258,0.5109,4.1,40.9,0.224,0,clean_catch,0
30good,745,12461.268829663963,0.9407,0.3018,0.9257,0.5109,4.1,40.9,0.224,0,clean_catch,0
30good,746,12477.995365005794,0.9407,0.3018,0.9257,0.5109,4.1,40.9,0.224,0,clean_catch,0
30good,747,12494.721900347624,0.9407,0.3018,0.9256,0.5108,4.1,40.9,0.224,0,clean_catch,0
30good,748,12511.448435689455,0.9406,0.3018,0.9256,0.5107,4.1,40.9,0.224,0,clean_catch,0
30good,749,12528.174971031285,0.9406,0.3018,0.9255,0.5108,4.1,40.9,0.224,0,clean_catch,0
30good,750,12544.901506373117,0.9405,0.3018,0.9254,0.5107,4.1,40.9,0.224,0,clean_catch,0
30good,751,12561.628041714948,0.9405,0.3018,0.9253,0.5106,4.2,40.8,0.224,0,clean_catch,0
30good,752,12578.354577056778,0.9404,0.3018,0.9252,0.5104,4.2,40.8,0.224,0,clean_catch,0
30good,753,12595.08111239861,0.9404,0.3018,0.9252,0.5102,4.2,40.8,0.224,0,clean_catch,0
30good,754,12611.80764774044,0.9404,0.3017,0.9253,0.51,4.2,40.8,0.223,0,clean_catch,0
30good,755,12628.53418308227,0.9404,0.3018,0.9253,0.5099,4.1,40.9,0.223,0,clean_catch,0
30good,756,12645.260718424102,0.9404,0.3018,0.9254,0.5099,4.1,40.9,0.223,0,clean_catch,0
30good,757,12661.987253765932,0.9404,0.3018,0.9254,0.5099,4.1,40.9,0.223,0,clean_catch,0
30good,758,12678.713789107764,0.9404,0.3018,0.9255,0.5098,4.1,40.9,0.223,0,clean_catch,0
30good,759,12695.440324449593,0.9404,0.3018,0.9255,0.5098,4.1,40.9,0.223,0,clean_catch,0
30good,760,12712.166859791425,0.9404,0.3018,0.9255,0.5098,4.1,40.9,0.223,0,clean_catch,0
30good,761,12728.893395133256,0.9404,0.3019,0.9255,0.51,4.1,40.9,0.223,0,clean_catch,0
30good,762,12745.619930475086,0.9404,0.3019,0.9254,0.5102,4.1,40.9,0.223,0,clean_catch,0
30good,763,12762.346465816918,0.9404,0.302,0.9254,0.5104,4.1,40.9,0.223,0,clean_catch,0
30good,764,12779.073001158748,0.9404,0.302,0.9254,0.5105,4.1,40.9,0.223,0,clean_catch,0
30good,765,12795.799536500579,0.9404,0.3021,0.9254,0.5107,4.1,40.9,0.224,0,clean_catch,0
30good,766,12812.52607184241,0.9404,0.3021,0.9254,0.5109,4.1,40.9,0.224,0,clean_catch,0
30good,767,12829.25260718424,0.9404,0.3021,0.9253,0.5111,4.1,40.9,0.224,0,clean_catch,0
30good,768,12845.979142526072,0.9404,0.3021,0.9253,0.5112,4.2,40.8,0.224,0,clean_catch,0
30good,769,12862.705677867902,0.9405,0.302,0.9252,0.5112,4.2,40.8,0.224,0,clean_catch,0
30good,770,12879.432213209733,0.9405,0.302,0.9252,0.5111,4.2,40.8,0.224,0,clean_catch,0
30good,771,12896.158748551565,0.9405,0.3019,0.9252,0.511,4.2,40.8,0.224,0,clean_catch,0
30good,772,12912.885283893394,0.9405,0.3018,0.9252,0.5109,4.2,40.8,0.224,0,clean_catch,0
30good,773,12929.611819235226,0.9405,0.3017,0.9252,0.5107,4.2,40.8,0.224,0,clean_catch,0
30good,774,12946.338354577056,0.9405,0.3016,0.9252,0.5106,4.2,40.8,0.224,0,clean_catch,0
30good,775,12963.064889918887,0.9406,0.3014,0.9252,0.5105,4.2,40.8,0.224,0,clean_catch,0
30good,776,12979.791425260719,0.9406,0.3013,0.9252,0.5105,4.2,40.8,0.225,0,clean_catch,0
30good,777,12996.517960602549,0.9406,0.3011,0.9252,0.5105,4.2,40.8,0.225,0,clean_catch,0
30good,778,13013.24449594438,0.9406,0.3009,0.9252,0.5105,4.2,40.8,0.225,0,clean_catch,0
30good,779,13029.97103128621,0.9405,0.3007,0.9252,0.5104,4.2,40.8,0.225,0,clean_catch,0
30good,780,13046.697566628041,0.9405,0.3004,0.9252,0.5104,4.2,40.8,0.225,0,clean_catch,0
30good,781,13063.424101969873,0.9405,0.3002,0.9252,0.5103,4.2,40.8,0.225,0,clean_catch,0
30good,782,13080.150637311703,0.9405,0.3,0.9252,0.5102,4.2,40.8,0.226,0,clean_catch,0
30good,783,13096.877172653534,0.9404,0.2998,0.9252,0.5102,4.2,40.8,0.226,0,clean_catch,0
30good,784,13113.603707995364,0.9404,0.2998,0.9252,0.5102,4.2,40.8,0.226,0,clean_catch,0
30good,785,13130.330243337195,0.9404,0.2998,0.9251,0.5102,4.1,40.9,0.226,0,clean_catch,0
30good,786,13147.056778679027,0.9404,0.2998,0.9251,0.5103,4.1,40.9,0.226,0,clean_catch,0
30good,787,13163.783314020857,0.9403,0.2998,0.9251,0.5103,4.1,40.9,0.226,0,clean_catch,0
30good,788,13180.509849362688,0.9403,0.2998,0.9251,0.5104,4.1,40.9,0.226,0,clean_catch,0
30good,789,13197.236384704518,0.9402,0.2998,0.925,0.5104,4.1,40.9,0.226,0,clean_catch,0
30good,790,13213.96292004635,0.9401,0.2998,0.925,0.5104,4.1,40.9,0.226,0,clean_catch,0
30good,791,13230.689455388181,0.9401,0.2998,0.9249,0.5102,4.1,40.9,0.226,0,clean_catch,0
30good,792,13247.41599073001,0.9401,0.2998,0.9249,0.5101,4.1,40.9,0.225,0,clean_catch,0
30good,793,13264.142526071842,0.9401,0.2999,0.9249,0.51,4.1,40.9,0.225,0,clean_catch,0
30good,794,13280.869061413672,0.9401,0.3,0.9249,0.5099,4.2,40.8,0.225,0,clean_catch,0
30good,795,13297.595596755504,0.9401,0.3,0.9248,0.5093,4.2,40.8,0.225,0,clean_catch,0
30good,796,13314.322132097335,0.9401,0.2999,0.9248,0.5083,4.2,40.8,0.224,0,clean_catch,0
30good,797,13331.048667439165,0.94,0.2996,0.9247,0.5074,4.2,40.8,0.223,0,clean_catch,0
30good,798,13347.775202780997,0.94,0.2994,0.9247,0.5068,4.2,40.8,0.223,0,clean_catch,0
30good,799,13364.501738122826,0.94,0.2992,0.9247,0.5066,4.2,40.8,0.223,0,clean_catch,0
30good,800,13381.228273464658,0.94,0.299,0.9247,0.5067,4.2,40.8,0.223,0,clean_catch,0
30good,801,13397.95480880649,0.94,0.2989,0.9247,0.5067,4.2,40.8,0.223,0,clean_catch,0
30good,802,13414.68134414832,0.94,0.2987,0.9247,0.5066,4.2,40.8,0.223,0,clean_catch,0
30good,803,13431.40787949015,0.94,0.2987,0.9246,0.5066,4.2,40.8,0.223,0,clean_catch,0
30good,804,13448.13441483198,0.9399,0.2988,0.9246,0.5067,4.2,40.8,0.223,0,clean_catch,0
30good,805,13464.860950173812,0.9399,0.2989,0.9246,0.5067,4.2,40.8,0.223,0,clean_catch,0
30good,806,13481.587485515643,0.9398,0.2989,0.9245,0.5068,4.2,40.8,0.223,0,clean_catch,0
30good,807,13498.314020857473,0.9398,0.299,0.9245,0.5068,4.2,40.8,0.223,0,clean_catch,0
30good,808,13515.040556199305,0.9398,0.2991,0.9244,0.5069,4.2,40.8,0.223,0,clean_catch,0
30good,809,13531.767091541135,0.9398,0.2992,0.9243,0.5069,4.3,40.7,0.223,0,clean_catch,0
30good,810,13548.493626882966,0.9398,0.2993,0.9243,0.5071,4.3,40.7,0.223,0,clean_catch,0
30good,811,13565.220162224798,0.9398,0.2993,0.9242,0.5072,4.3,40.7,0.223,0,clean_catch,0
30good,812,13581.946697566627,0.9398,0.2995,0.9241,0.5074,4.3,40.7,0.224,0,clean_catch,0
30good,813,13598.673232908459,0.9398,0.2996,0.924,0.5075,4.3,40.7,0.224,0,clean_catch,0
30good,814,13615.399768250289,0.9398,0.2996,0.9238,0.5074,4.4,40.6,0.224,0,clean_catch,0
30good,815,13632.12630359212,0.9397,0.2996,0.9236,0.5073,4.4,40.6,0.224,0,clean_catch,0
30good,816,13648.852838933952,0.9397,0.2996,0.9234,0.5071,4.5,40.5,0.224,0,clean_catch,0
30good,817,13665.579374275781,0.9396,0.2997,0.9232,0.507,4.5,40.5,0.224,0,clean_catch,0
30good,818,13682.305909617613,0.9395,0.2998,0.9231,0.507,4.5,40.5,0.223,0,clean_catch,0
30good,819,13699.032444959443,0.9393,0.3,0.9231,0.507,4.5,40.5,0.223,0,clean_catch,0
30good,820,13715.758980301274,0.9391,0.3001,0.9231,0.507,4.4,40.6,0.223,0,clean_catch,0
30good,821,13732.485515643106,0.939,0.3001,0.923,0.5071,4.4,40.6,0.223,0,clean_catch,0
30good,822,13749.212050984936,0.9388,0.3002,0.923,0.5072,4.4,40.6,0.223,0,clean_catch,0
30good,823,13765.938586326767,0.9387,0.3004,0.923,0.5073,4.4,40.6,0.223,0,clean_catch,0
30good,824,13782.665121668597,0.9387,0.3006,0.9229,0.5073,4.4,40.6,0.222,0,clean_catch,0
30good,825,13799.391657010428,0.9387,0.3007,0.9229,0.5072,4.4,40.6,0.222,0,clean_catch,0
30good,826,13816.11819235226,0.9387,0.3008,0.9228,0.5071,4.4,40.6,0.222,0,clean_catch,0
30good,827,13832.84472769409,0.9387,0.301,0.9226,0.507,4.5,40.5,0.222,0,clean_catch,0
30good,828,13849.571263035921,0.9386,0.3013,0.9225,0.507,4.5,40.5,0.222,0,clean_catch,0
30good,829,13866.297798377751,0.9385,0.3017,0.9223,0.5072,4.5,40.5,0.222,1,clean_catch,0
30good,830,13883.024333719583,0.9383,0.3021,0.922,0.5077,4.5,40.5,0.222,1,clean_catch,0
30good,831,13899.750869061414,0.938,0.3025,0.9217,0.5081,4.5,40.5,0.222,1,clean_catch,0
30good,832,13916.477404403244,0.9377,0.3029,0.9213,0.5085,4.6,40.4,0.222,1,clean_catch,0
30good,833,13933.203939745075,0.9373,0.3031,0.9208,0.5086,4.6,40.4,0.222,1,clean_catch,0
30good,834,13949.930475086905,0.937,0.3032,0.9204,0.5084,4.6,40.4,0.222,1,clean_catch,0
30good,835,13966.657010428737,0.9368,0.3033,0.92,0.5082,4.7,40.3,0.222,1,clean_catch,0
30good,836,13983.383545770568,0.9367,0.3034,0.9196,0.5081,4.8,40.2,0.222,1,clean_catch,0
30good,837,14000.110081112398,0.9366,0.3035,0.9195,0.508,4.8,40.2,0.222,1,clean_catch,0
30good,838,14016.83661645423,0.9365,0.3037,0.9194,0.5079,4.8,40.2,0.221,1,clean_catch,0
30good,839,14033.56315179606,0.9362,0.3039,0.9192,0.5077,4.8,40.2,0.221,1,clean_catch,0
30good,840,14050.28968713789,0.936,0.3042,0.919,0.5075,4.8,40.2,0.22,1,clean_catch,0
30good,841,14067.016222479722,0.9357,0.3045,0.9188,0.5073,4.8,40.2,0.22,1,clean_catch,0
30good,842,14083.742757821552,0.9355,0.3048,0.9185,0.507,4.8,40.2,0.219,1,clean_catch,0
30good,843,14100.469293163384,0.9353,0.305,0.9182,0.5067,4.8,40.2,0.219,1,clean_catch,0
30good,844,14117.195828505213,0.935,0.3052,0.9178,0.5065,4.9,40.1,0.218,1,clean_catch,0
30good,845,14133.922363847045,0.9347,0.3054,0.9174,0.5063,4.9,40.1,0.218,1,clean_catch,0
30good,846,14150.648899188876,0.9345,0.3057,0.917,0.5062,5.0,40.0,0.218,1,clean_catch,0
30good,847,14167.375434530706,0.9342,0.306,0.9168,0.5061,5.0,40.0,0.217,1,clean_catch,0
30good,848,14184.101969872538,0.9339,0.3063,0.9166,0.506,4.9,40.1,0.217,1,clean_catch,0
30good,849,14200.828505214367,0.9336,0.3067,0.9166,0.5059,4.9,40.1,0.216,1,clean_catch,0
30good,850,14217.555040556199,0.9333,0.307,0.9165,0.506,4.8,40.2,0.216,1,clean_catch,0
30good,851,14234.28157589803,0.933,0.3073,0.9164,0.506,4.8,40.2,0.215,1,clean_catch,0
30good,852,14251.00811123986,0.9328,0.3075,0.9162,0.506,4.8,40.2,0.215,1,clean_catch,0
30good,853,14267.734646581692,0.9326,0.3076,0.916,0.506,4.8,40.2,0.215,1,clean_catch,0
30good,854,14284.461181923522,0.9324,0.3077,0.9158,0.506,4.8,40.2,0.215,1,clean_catch,0
30good,855,14301.187717265353,0.9321,0.3078,0.9155,0.506,4.8,40.2,0.215,1,clean_catch,0
30good,856,14317.914252607185,0.9318,0.3078,0.9152,0.5061,4.8,40.2,0.215,1,clean_catch,0
30good,857,14334.640787949014,0.9315,0.3078,0.915,0.5063,4.8,40.2,0.215,1,clean_catch,0
30good,858,14351.367323290846,0.9313,0.3079,0.9147,0.5064,4.8,40.2,0.215,1,clean_catch,0
30good,859,14368.093858632676,0.9312,0.3079,0.9145,0.5066,4.8,40.2,0.215,1,clean_catch,0
30good,860,14384.820393974507,0.9311,0.3079,0.9144,0.5066,4.8,40.2,0.215,1,clean_catch,0
30good,861,14401.546929316339,0.9311,0.3079,0.9144,0.5066,4.8,40.2,0.215,1,clean_catch,0
30good,862,14418.273464658168,0.9312,0.308,0.9144,0.5066,4.8,40.2,0.215,1,clean_catch,0
