shoulder_mid_x,shoulder_mid_y,hip_mid_x,hip_mid_y,spine_angle,lean_deviation,postural_deviation,shoulder_asymmetry_flag,frame_index,timestamp_ms,lift_phase,low_visibility,in_lift_phase
0.4905,0.6525,0.5393,0.7292,32.5,12.5,0.126,0,0,0,jerk_dip,0,False
0.4887,0.6515,0.5322,0.7419,25.7,19.3,0.134,0,3,49,jerk_dip,0,False
0.4891,0.6534,0.5241,0.7384,22.4,22.6,0.12,0,6,99,jerk_dip,0,False
0.4898,0.6511,0.5307,0.7452,23.5,21.5,0.135,0,9,149,jerk_dip,0,False
0.4896,0.6501,0.5349,0.74,26.7,18.3,0.135,0,12,199,jerk_dip,0,False
0.4921,0.6462,0.53,0.7475,20.5,24.5,0.139,0,15,249,jerk_dip,0,False
0.4917,0.6408,0.5281,0.7407,20.0,25.0,0.136,0,18,299,jerk_dip,0,False
0.4937,0.638,0.5322,0.7431,20.1,24.9,0.144,0,21,349,jerk_dip,0,False
0.4931,0.6389,0.5248,0.7591,14.8,30.2,0.152,0,24,399,jerk_dip,0,False
0.4939,0.6304,0.5316,0.7505,17.4,27.6,0.158,0,27,449,jerk_dip,0,False
0.4946,0.6289,0.5328,0.7505,17.4,27.6,0.16,0,30,499,jerk_dip,0,False
0.4963,0.6306,0.5322,0.7507,16.7,28.3,0.156,0,33,549,jerk_dip,0,False
0.4977,0.629,0.5341,0.7507,16.7,28.3,0.158,0,36,599,jerk_dip,0,False
0.4974,0.6265,0.5331,0.7441,16.9,28.1,0.153,0,39,649,jerk_dip,0,False
0.496,0.6247,0.5285,0.744,15.2,29.8,0.152,0,42,699,jerk_dip,0,False
0.4956,0.626,0.5309,0.747,16.3,28.7,0.156,0,45,749,jerk_dip,0,False
0.493,0.6309,0.5348,0.7481,19.6,25.4,0.159,0,48,799,jerk_dip,0,False
0.493,0.6283,0.5313,0.7512,17.3,27.7,0.161,0,51,849,jerk_dip,0,False
0.493,0.6276,0.5294,0.7499,16.6,28.4,0.159,0,54,899,jerk_dip,0,False
0.4928,0.6264,0.53,0.7423,17.8,27.2,0.153,0,57,949,jerk_dip,0,False
0.4922,0.6247,0.529,0.7381,18.0,27.0,0.15,0,60,999,jerk_dip,0,False
0.4906,0.6269,0.5254,0.7362,17.6,27.4,0.144,0,63,1049,jerk_dip,0,False
0.4927,0.622,0.5239,0.7342,15.5,29.5,0.143,0,66,1099,jerk_dip,0,False
0.494,0.6271,0.5328,0.7356,19.7,25.3,0.147,0,69,1149,jerk_dip,0,False
0.494,0.6227,0.5267,0.7361,16.1,28.9,0.146,0,72,1199,jerk_dip,0,False
0.498,0.6184,0.5263,0.7411,13.0,32.0,0.151,0,75,1249,jerk_dip,0,False
0.496,0.6153,0.5206,0.7292,12.2,32.8,0.139,0,78,1299,jerk_dip,0,False
0.4973,0.615,0.5254,0.7324,13.4,31.6,0.145,0,81,1349,jerk_dip,0,False
0.4978,0.6135,0.5218,0.7306,11.6,33.4,0.141,0,84,1399,jerk_dip,0,False
0.4977,0.6143,0.5207,0.7289,11.4,33.6,0.138,0,87,1449,jerk_dip,0,False
0.4987,0.6139,0.5265,0.7356,12.9,32.1,0.15,0,90,1499,jerk_dip,0,False
0.4983,0.6127,0.5267,0.7353,13.0,32.0,0.151,0,93,1549,jerk_dip,0,False
0.4986,0.6146,0.52,0.733,10.3,34.7,0.14,0,96,1599,jerk_dip,0,False
0.4989,0.6125,0.5241,0.7325,11.8,33.2,0.145,0,99,1649,jerk_dip,0,False
0.4991,0.6115,0.527,0.7391,12.3,32.7,0.155,0,102,1699,jerk_dip,0,False
0.5002,0.6115,0.5295,0.7362,13.2,31.8,0.154,0,105,1749,jerk_dip,0,False
0.5001,0.6111,0.5297,0.7404,12.9,32.1,0.159,0,108,1799,jerk_dip,0,False
0.4989,0.6137,0.524,0.7386,11.4,33.6,0.15,0,111,1849,jerk_dip,0,False
0.4995,0.6128,0.5264,0.7365,12.3,32.7,0.151,0,114,1899,jerk_dip,0,False
0.4998,0.6132,0.5304,0.7389,13.7,31.3,0.156,0,117,1949,jerk_dip,0,False
0.5009,0.6119,0.5295,0.7405,12.5,32.5,0.157,0,120,1999,jerk_dip,0,False
0.5006,0.6104,0.53,0.7391,12.8,32.2,0.158,0,123,2049,jerk_dip,0,False
0.5003,0.6117,0.5301,0.742,12.9,32.1,0.16,0,126,2099,jerk_dip,0,False
0.5008,0.6119,0.5287,0.7472,11.6,33.4,0.163,0,129,2149,jerk_dip,0,False
0.5007,0.613,0.5299,0.7394,13.0,32.0,0.156,0,132,2199,jerk_dip,0,False
0.5009,0.6122,0.5319,0.7474,12.9,32.1,0.166,0,135,2249,jerk_dip,0,False
0.5011,0.6119,0.5304,0.7413,12.8,32.2,0.159,0,138,2299,jerk_dip,0,False
0.5008,0.6118,0.5313,0.7397,13.4,31.6,0.158,0,141,2349,jerk_dip,0,False
0.5012,0.6115,0.5323,0.7413,13.4,31.6,0.161,0,144,2399,jerk_dip,0,False
0.5014,0.6127,0.5317,0.7428,13.1,31.9,0.16,0,147,2449,jerk_dip,0,False
0.501,0.6126,0.5315,0.7436,13.1,31.9,0.161,0,150,2499,jerk_dip,0,False
0.5008,0.6121,0.5302,0.7386,13.1,31.9,0.156,0,153,2549,jerk_dip,0,False
0.5004,0.611,0.5281,0.7349,12.6,32.4,0.152,0,156,2599,jerk_dip,0,False
0.5009,0.612,0.5292,0.7413,12.3,32.7,0.158,0,159,2649,jerk_dip,0,False
0.5015,0.6119,0.5292,0.7395,12.2,32.8,0.155,0,162,2699,jerk_dip,0,False
0.5014,0.612,0.5288,0.7413,12.0,33.0,0.157,0,165,2749,jerk_dip,0,False
0.5012,0.6104,0.5297,0.7386,12.6,32.4,0.157,0,168,2799,jerk_dip,0,False
0.5021,0.6126,0.5307,0.7485,11.9,33.1,0.165,0,171,2849,jerk_dip,0,False
0.5013,0.6109,0.533,0.741,13.7,31.3,0.162,0,174,2899,jerk_dip,0,False
0.5016,0.613,0.5299,0.741,12.5,32.5,0.156,0,177,2949,jerk_dip,0,False
0.5017,0.611,0.531,0.7435,12.4,32.6,0.162,0,180,2999,jerk_dip,0,False
0.5014,0.6119,0.5323,0.7418,13.4,31.6,0.161,0,183,3049,jerk_dip,0,False
0.5015,0.6119,0.5295,0.7446,11.9,33.1,0.161,0,186,3099,jerk_dip,0,False
0.5016,0.6129,0.5308,0.7437,12.6,32.4,0.16,0,189,3149,jerk_dip,0,False
0.5002,0.6116,0.5301,0.7373,13.4,31.6,0.156,0,192,3199,jerk_dip,0,False
0.5006,0.6126,0.5285,0.7368,12.7,32.3,0.152,0,195,3249,jerk_dip,0,False
0.4997,0.6125,0.5277,0.741,12.3,32.7,0.156,0,198,3299,jerk_dip,0,False
0.5005,0.6131,0.5282,0.7463,11.8,33.2,0.161,0,201,3349,jerk_dip,0,False
0.5005,0.6124,0.5286,0.7444,12.0,33.0,0.16,0,204,3399,jerk_dip,0,False
0.5,0.6137,0.5276,0.7479,11.6,33.4,0.162,0,207,3449,jerk_dip,0,False
0.5008,0.6125,0.5281,0.7447,11.7,33.3,0.16,0,210,3499,jerk_dip,0,False
0.4997,0.6104,0.5271,0.7396,12.0,33.0,0.157,0,213,3549,jerk_dip,0,False
0.4998,0.6118,0.5256,0.7301,12.3,32.7,0.144,0,216,3599,jerk_dip,0,False
0.5003,0.6119,0.5277,0.7392,12.1,32.9,0.155,0,219,3649,jerk_dip,0,False
0.5004,0.6111,0.5292,0.7404,12.6,32.4,0.158,0,222,3699,jerk_dip,0,False
0.5009,0.6109,0.5301,0.7442,12.4,32.6,0.163,0,225,3749,jerk_dip,0,False
0.5005,0.6106,0.5298,0.7383,12.9,32.1,0.157,0,228,3799,jerk_dip,0,False
0.5004,0.6126,0.527,0.7376,12.0,33.0,0.152,0,231,3849,jerk_dip,0,False
0.501,0.6111,0.5287,0.7386,12.3,32.7,0.155,0,234,3899,jerk_dip,0,False
0.5006,0.6112,0.5292,0.739,12.6,32.4,0.156,0,237,3949,jerk_dip,0,False
0.5016,0.6121,0.5283,0.7424,11.6,33.4,0.157,0,240,3999,jerk_dip,0,False
0.5009,0.6124,0.5273,0.7462,11.2,33.8,0.16,0,243,4049,jerk_dip,0,False
0.5015,0.6122,0.5284,0.7472,11.3,33.7,0.162,0,246,4099,jerk_dip,0,False
0.5011,0.6115,0.5282,0.7501,11.1,33.9,0.166,0,249,4149,jerk_dip,0,False
0.5011,0.6123,0.5273,0.7428,11.4,33.6,0.157,0,252,4199,jerk_dip,0,False
0.5012,0.6106,0.5295,0.7442,12.0,33.0,0.162,0,255,4249,jerk_dip,0,False
0.5017,0.6119,0.5293,0.7481,11.5,33.5,0.164,0,258,4299,jerk_dip,0,False
0.5007,0.6131,0.5265,0.7503,10.6,34.4,0.163,0,261,4349,jerk_dip,0,False
0.501,0.6115,0.5288,0.7469,11.6,33.4,0.163,0,264,4399,jerk_dip,0,False
0.5007,0.6128,0.5274,0.7511,10.9,34.1,0.165,0,267,4449,jerk_dip,0,False
0.5005,0.6105,0.5298,0.7493,11.9,33.1,0.168,0,270,4499,jerk_dip,0,False
0.5005,0.613,0.5262,0.7514,10.5,34.5,0.164,0,273,4549,jerk_dip,0,False
0.4996,0.6124,0.5277,0.7423,12.2,32.8,0.158,0,276,4599,jerk_dip,0,False
0.5002,0.6126,0.5256,0.7473,10.6,34.4,0.16,0,279,4649,jerk_dip,0,False
0.5009,0.6114,0.5284,0.7472,11.5,33.5,0.163,0,282,4699,jerk_dip,0,False
0.5011,0.6118,0.5296,0.7437,12.2,32.8,0.16,0,285,4749,jerk_dip,0,False
0.5019,0.613,0.5307,0.7401,12.8,32.2,0.156,0,288,4799,jerk_dip,0,False
0.5025,0.614,0.5325,0.7471,12.7,32.3,0.163,0,291,4849,jerk_dip,0,False
0.5023,0.6127,0.5306,0.7407,12.5,32.5,0.156,0,294,4899,jerk_dip,0,False
0.5012,0.612,0.5313,0.7414,13.1,31.9,0.16,0,297,4949,jerk_dip,0,False
0.5011,0.6143,0.5279,0.7434,11.7,33.3,0.156,0,300,4999,jerk_dip,0,False
0.5011,0.618,0.5276,0.7473,11.6,33.4,0.156,0,303,5049,jerk_dip,0,False
0.5001,0.6166,0.5272,0.7429,12.1,32.9,0.153,0,306,5099,jerk_dip,0,False
0.4979,0.6197,0.527,0.7525,12.4,32.6,0.162,0,309,5149,jerk_dip,0,False
0.4961,0.6182,0.5251,0.739,13.5,31.5,0.15,0,312,5199,jerk_dip,0,False
0.4941,0.6203,0.5211,0.741,12.6,32.4,0.148,0,315,5249,jerk_dip,0,False
0.492,0.626,0.5208,0.7423,14.0,31.0,0.145,0,318,5299,jerk_dip,0,False
0.4908,0.6274,0.5191,0.7471,13.3,31.7,0.148,0,321,5349,jerk_dip,0,False
0.4891,0.6295,0.5225,0.7506,15.4,29.6,0.155,0,324,5399,jerk_dip,0,False
0.4886,0.6289,0.5179,0.7566,12.9,32.1,0.157,0,327,5449,jerk_dip,0,False
0.4895,0.6286,0.5223,0.7531,14.8,30.2,0.157,0,330,5499,jerk_dip,0,False
0.4895,0.6277,0.5248,0.7478,16.4,28.6,0.155,0,333,5549,jerk_dip,0,False
0.4901,0.6227,0.5184,0.7416,13.4,31.6,0.147,0,336,5599,jerk_dip,0,False
0.4906,0.6176,0.5168,0.7378,12.3,32.7,0.146,0,339,5649,jerk_dip,0,False
0.4929,0.6199,0.5202,0.7463,12.2,32.8,0.154,0,342,5699,jerk_dip,0,False
0.4939,0.6168,0.5176,0.7353,11.3,33.7,0.142,0,345,5749,jerk_dip,0,False
0.4955,0.614,0.5244,0.7362,13.3,31.7,0.151,0,348,5799,jerk_dip,0,False
0.4966,0.6116,0.5217,0.735,11.5,33.5,0.148,0,351,5849,jerk_dip,0,False
0.4977,0.6111,0.5189,0.7406,9.3,35.7,0.151,0,354,5899,clean_catch,0,False
0.4984,0.6083,0.521,0.7376,9.9,35.1,0.152,0,357,5949,clean_catch,0,False
0.5015,0.6059,0.5211,0.7392,8.4,36.6,0.153,0,360,5999,clean_catch,0,False
0.5036,0.604,0.527,0.7409,9.7,35.3,0.16,0,363,6049,clean_catch,0,True
0.5029,0.6022,0.5229,0.7519,7.6,37.4,0.17,0,366,6099,clean_catch,0,True
0.5041,0.5977,0.528,0.7474,9.0,36.0,0.174,0,369,6149,clean_catch,0,True
0.5042,0.5936,0.5266,0.7424,8.6,36.4,0.171,0,372,6199,clean_catch,0,True
0.5011,0.5824,0.5202,0.7376,7.0,38.0,0.174,0,375,6249,clean_catch,0,True
0.5026,0.5732,0.515,0.7261,4.6,40.4,0.165,0,378,6299,clean_catch,0,True
0.504,0.5636,0.5239,0.6959,8.6,36.4,0.152,0,381,6349,clean_catch,0,True
0.5044,0.5516,0.5296,0.6899,10.3,34.7,0.163,0,384,6398,jerk_dip,0,True
0.5065,0.5389,0.5382,0.6792,12.7,32.3,0.172,0,387,6448,jerk_dip,0,True
0.5067,0.5266,0.5368,0.6616,12.6,32.4,0.165,0,390,6498,jerk_dip,0,True
0.5057,0.5117,0.5408,0.6439,14.9,30.1,0.167,0,393,6548,jerk_dip,0,True
0.5087,0.4903,0.5359,0.6404,10.3,34.7,0.177,0,396,6598,jerk_dip,0,True
0.5133,0.4736,0.5311,0.6428,6.0,39.0,0.187,0,399,6648,clean_catch,0,True
0.5209,0.4588,0.5277,0.6402,2.2,42.8,0.188,0,402,6698,clean_catch,0,True
0.5317,0.447,0.5258,0.6389,1.8,43.2,0.198,0,405,6748,clean_catch,0,True
0.5416,0.4354,0.5236,0.626,5.4,39.6,0.209,0,408,6798,clean_catch,0,True
0.5558,0.4196,0.5197,0.6027,11.2,33.8,0.219,0,411,6848,jerk_dip,0,True
0.5639,0.4082,0.5259,0.5882,11.9,33.1,0.218,0,414,6898,jerk_dip,0,True
0.5692,0.4005,0.5286,0.5755,13.0,32.0,0.216,0,417,6948,jerk_dip,0,True
0.5676,0.4052,0.5288,0.5739,13.0,32.0,0.208,0,420,6998,jerk_dip,0,True
0.5618,0.4249,0.5267,0.6095,10.8,34.2,0.22,0,423,7048,jerk_dip,0,True
0.5475,0.4631,0.5252,0.6559,6.6,38.4,0.215,0,426,7098,clean_catch,0,True
0.5392,0.5088,0.5242,0.6901,4.7,40.3,0.196,0,429,7148,clean_catch,0,True
0.5317,0.5358,0.525,0.7079,2.2,42.8,0.179,0,432,7198,clean_catch,0,True
0.5242,0.5565,0.5239,0.7303,0.2,44.8,0.174,0,435,7248,clean_catch,0,True
0.5191,0.5677,0.5198,0.7396,0.3,44.7,0.173,0,438,7298,clean_catch,0,True
0.5194,0.585,0.5148,0.7621,1.5,43.5,0.182,0,441,7348,clean_catch,0,True
0.5195,0.6035,0.5107,0.78,2.9,42.1,0.185,0,444,7398,clean_catch,0,True
0.5185,0.6175,0.5109,0.7873,2.6,42.4,0.177,0,447,7448,clean_catch,0,True
0.5196,0.6112,0.5071,0.7792,4.2,40.8,0.18,0,450,7498,clean_catch,0,True
0.517,0.618,0.5055,0.7955,3.7,41.3,0.189,0,453,7548,clean_catch,0,True
0.5179,0.6183,0.5068,0.7925,3.6,41.4,0.185,0,456,7598,clean_catch,0,True
0.5152,0.6103,0.5085,0.7798,2.3,42.7,0.176,0,459,7648,clean_catch,0,True
0.5172,0.5939,0.514,0.774,1.0,44.0,0.183,0,462,7698,clean_catch,0,True
0.5152,0.5856,0.5125,0.7614,0.9,44.1,0.178,0,465,7748,clean_catch,0,True
0.5161,0.5727,0.5208,0.7529,1.5,43.5,0.185,0,468,7798,clean_catch,0,True
0.5188,0.5648,0.5232,0.7348,1.5,43.5,0.174,0,471,7848,clean_catch,0,True
0.5198,0.5453,0.5288,0.7212,2.9,42.1,0.185,0,474,7898,clean_catch,0,True
0.5204,0.5364,0.5277,0.7123,2.4,42.6,0.183,0,477,7948,clean_catch,0,True
0.52,0.5283,0.526,0.7065,1.9,43.1,0.184,0,480,7998,clean_catch,0,True
0.521,0.5182,0.5247,0.692,1.3,43.7,0.178,0,483,8048,clean_catch,0,True
0.5197,0.5047,0.5249,0.6851,1.6,43.4,0.186,0,486,8098,clean_catch,0,True
0.5183,0.4951,0.5219,0.6764,1.2,43.8,0.185,0,489,8148,clean_catch,0,True
0.5166,0.4837,0.5213,0.6661,1.5,43.5,0.187,0,492,8198,clean_catch,0,True
0.5163,0.4745,0.518,0.6624,0.6,44.4,0.19,0,495,8248,clean_catch,0,True
0.5159,0.463,0.5182,0.654,0.7,44.3,0.193,0,498,8298,clean_catch,0,True
0.5148,0.4471,0.5142,0.6415,0.3,44.7,0.195,0,501,8348,clean_catch,0,True
0.5145,0.4306,0.5132,0.6287,0.4,44.6,0.199,0,504,8398,clean_catch,0,True
0.5149,0.403,0.5117,0.6007,1.0,44.0,0.201,0,507,8448,clean_catch,0,True
0.5205,0.3846,0.5114,0.586,2.6,42.4,0.211,0,510,8498,clean_catch,0,True
0.5239,0.3791,0.5129,0.5842,3.1,41.9,0.216,0,513,8548,clean_catch,0,True
0.5153,0.3953,0.5127,0.5944,0.8,44.2,0.202,0,516,8598,clean_catch,0,True
0.5232,0.3877,0.5135,0.5895,2.7,42.3,0.211,0,519,8648,clean_catch,0,True
0.5219,0.3711,0.5161,0.5753,1.6,43.4,0.21,0,522,8698,clean_catch,0,True
0.5194,0.3685,0.5169,0.5722,0.7,44.3,0.206,0,525,8748,clean_catch,0,True
0.5136,0.3717,0.5124,0.5765,0.4,44.6,0.206,0,528,8798,clean_catch,0,False
0.512,0.3831,0.5095,0.5836,0.7,44.3,0.203,0,531,8848,clean_catch,0,False
0.5109,0.4,0.5061,0.6009,1.4,43.6,0.206,0,534,8898,clean_catch,0,False
0.5115,0.41,0.5053,0.608,1.8,43.2,0.204,0,537,8948,clean_catch,0,False
0.5113,0.4144,0.5054,0.613,1.7,43.3,0.205,0,540,8998,clean_catch,0,False
0.5101,0.4145,0.5059,0.6082,1.3,43.7,0.198,0,543,9048,clean_catch,0,False
0.5121,0.4072,0.5069,0.6051,1.5,43.5,0.203,0,546,9098,clean_catch,0,False
0.511,0.402,0.5072,0.6055,1.1,43.9,0.207,0,549,9148,clean_catch,0,False
0.5109,0.3946,0.5086,0.5948,0.7,44.3,0.203,0,552,9198,clean_catch,0,False
0.5141,0.386,0.5115,0.5889,0.7,44.3,0.205,0,555,9248,clean_catch,0,False
0.5147,0.3819,0.511,0.5851,1.1,43.9,0.207,0,558,9298,clean_catch,0,False
0.5134,0.3796,0.5113,0.5849,0.6,44.4,0.207,0,561,9348,clean_catch,0,False
0.5116,0.3824,0.5103,0.5874,0.4,44.6,0.206,0,564,9398,clean_catch,0,False
0.5128,0.3837,0.5096,0.5868,0.9,44.1,0.206,0,567,9448,clean_catch,0,False
0.5137,0.3839,0.5108,0.5881,0.8,44.2,0.207,0,570,9498,clean_catch,0,False
0.5138,0.385,0.5114,0.589,0.7,44.3,0.206,0,573,9548,clean_catch,0,False
0.5148,0.3838,0.5124,0.5861,0.7,44.3,0.205,0,576,9598,clean_catch,0,False
0.5149,0.3814,0.5119,0.5864,0.9,44.1,0.208,0,579,9648,clean_catch,0,False
0.5151,0.3828,0.5125,0.5843,0.8,44.2,0.204,0,582,9698,clean_catch,0,False
0.5146,0.3841,0.5122,0.5881,0.7,44.3,0.206,0,585,9748,clean_catch,0,False
0.5143,0.3843,0.5117,0.5889,0.7,44.3,0.207,0,588,9798,clean_catch,0,False
0.5149,0.3847,0.512,0.5869,0.8,44.2,0.205,0,591,9848,clean_catch,0,False
0.5172,0.384,0.5104,0.5858,1.9,43.1,0.209,0,594,9898,clean_catch,0,False
0.5168,0.3831,0.5148,0.5917,0.6,44.4,0.211,0,597,9948,clean_catch,0,False
0.5158,0.3834,0.5131,0.592,0.8,44.2,0.211,0,600,9998,clean_catch,0,False
0.5168,0.3855,0.5146,0.5945,0.6,44.4,0.211,0,603,10048,clean_catch,0,False
0.5176,0.3859,0.5138,0.5898,1.1,43.9,0.208,0,606,10098,clean_catch,0,False
0.5178,0.387,0.5143,0.5958,1.0,44.0,0.212,0,609,10148,clean_catch,0,False
0.5175,0.3855,0.514,0.5935,1.0,44.0,0.212,0,612,10198,clean_catch,0,False
0.5182,0.385,0.5143,0.5898,1.1,43.9,0.209,0,615,10248,clean_catch,0,False
0.5186,0.386,0.5163,0.5968,0.6,44.4,0.213,0,618,10298,clean_catch,0,False
0.5195,0.3844,0.5164,0.593,0.9,44.1,0.212,0,621,10348,clean_catch,0,False
0.5185,0.3871,0.5152,0.5938,0.9,44.1,0.21,0,624,10398,clean_catch,0,False
0.5198,0.3854,0.5154,0.5948,1.2,43.8,0.214,0,627,10448,clean_catch,0,False
0.5198,0.3864,0.5169,0.5931,0.8,44.2,0.21,0,630,10498,clean_catch,0,False
0.5189,0.3862,0.5154,0.5962,1.0,44.0,0.213,0,633,10548,clean_catch,0,False
0.52,0.3876,0.5162,0.5932,1.1,43.9,0.209,0,636,10598,clean_catch,0,False
0.5207,0.3878,0.5161,0.5907,1.3,43.7,0.207,0,639,10648,clean_catch,0,False
0.5207,0.3878,0.5163,0.5853,1.3,43.7,0.202,0,642,10698,clean_catch,0,False
0.5214,0.3881,0.5162,0.5933,1.5,43.5,0.21,0,645,10748,clean_catch,0,False
0.5212,0.386,0.5171,0.5866,1.2,43.8,0.205,0,648,10798,clean_catch,0,False
0.5208,0.3879,0.5175,0.5911,1.0,44.0,0.206,0,651,10848,clean_catch,0,False
0.5201,0.3889,0.5179,0.592,0.6,44.4,0.205,0,654,10898,clean_catch,0,False
0.5212,0.3884,0.5176,0.5915,1.0,44.0,0.207,0,657,10948,clean_catch,0,False
0.5221,0.3846,0.5163,0.5927,1.6,43.4,0.214,0,660,10998,clean_catch,0,False
0.5217,0.3882,0.5183,0.5949,0.9,44.1,0.21,0,663,11048,clean_catch,0,False
0.5212,0.3886,0.5175,0.5884,1.1,43.9,0.203,0,666,11098,clean_catch,0,False
0.5215,0.3877,0.5181,0.5923,1.0,44.0,0.208,0,669,11148,clean_catch,0,False
0.5202,0.3893,0.5179,0.5962,0.7,44.3,0.209,0,672,11198,clean_catch,0,False
0.5213,0.3886,0.5186,0.5929,0.8,44.2,0.207,0,675,11248,clean_catch,0,False
0.5209,0.3886,0.5179,0.5927,0.9,44.1,0.207,0,678,11298,clean_catch,0,False
0.5206,0.3902,0.5173,0.5913,1.0,44.0,0.204,0,681,11348,clean_catch,0,False
0.5223,0.3885,0.5193,0.591,0.9,44.1,0.205,0,684,11398,clean_catch,0,False
0.5242,0.3884,0.5181,0.5938,1.7,43.3,0.212,0,687,11448,clean_catch,0,False
0.522,0.387,0.5206,0.5848,0.5,44.5,0.199,0,690,11498,clean_catch,0,False
0.5216,0.3887,0.5199,0.5912,0.5,44.5,0.204,0,693,11548,clean_catch,0,False
0.522,0.3881,0.5182,0.5922,1.1,43.9,0.208,0,696,11598,clean_catch,0,False
0.5216,0.3889,0.5199,0.5894,0.5,44.5,0.202,0,699,11648,clean_catch,0,False
0.522,0.3889,0.521,0.5883,0.3,44.7,0.2,0,702,11698,clean_catch,0,False
0.5227,0.3891,0.5216,0.5896,0.4,44.6,0.202,0,705,11748,clean_catch,0,False
0.5219,0.3889,0.5216,0.5869,0.2,44.8,0.198,0,708,11798,clean_catch,0,False
0.5229,0.3899,0.5226,0.5905,0.2,44.8,0.201,0,711,11848,clean_catch,0,False
0.5233,0.3882,0.5212,0.5931,0.6,44.4,0.207,0,714,11898,clean_catch,0,False
0.5228,0.3892,0.5197,0.5873,0.9,44.1,0.201,0,717,11948,clean_catch,0,False
0.5221,0.3902,0.5207,0.5862,0.4,44.6,0.197,0,720,11998,clean_catch,0,False
0.5229,0.3883,0.5218,0.5895,0.4,44.6,0.202,0,723,12048,clean_catch,0,False
0.523,0.3888,0.5204,0.5906,0.7,44.3,0.204,0,726,12098,clean_catch,0,False
0.5234,0.3889,0.523,0.5868,0.2,44.8,0.198,0,729,12148,clean_catch,0,False
0.5225,0.3904,0.5219,0.5884,0.3,44.7,0.199,0,732,12198,clean_catch,0,False
0.522,0.389,0.5227,0.59,0.3,44.7,0.202,0,735,12248,clean_catch,0,False
0.5215,0.3887,0.522,0.5845,0.2,44.8,0.196,0,738,12298,clean_catch,0,False
0.5226,0.3891,0.5222,0.5881,0.2,44.8,0.199,0,741,12348,clean_catch,0,False
0.5218,0.386,0.5212,0.5883,0.3,44.7,0.203,0,744,12398,clean_catch,0,False
0.5207,0.3868,0.52,0.5875,0.3,44.7,0.201,0,747,12448,clean_catch,0,False
0.521,0.3855,0.5195,0.5835,0.5,44.5,0.2,0,750,12498,clean_catch,0,False
0.5216,0.3866,0.5199,0.588,0.5,44.5,0.203,0,753,12548,clean_catch,0,True
0.521,0.3881,0.5199,0.5893,0.4,44.6,0.202,0,756,12598,clean_catch,0,True
0.5219,0.3897,0.5206,0.5856,0.4,44.6,0.197,0,759,12648,clean_catch,0,True
0.5199,0.3945,0.521,0.594,0.4,44.6,0.201,0,762,12698,clean_catch,0,True
0.5202,0.405,0.5203,0.6025,0.2,44.8,0.198,0,765,12747,clean_catch,0,True
0.5215,0.4164,0.5218,0.6162,0.2,44.8,0.2,0,768,12797,clean_catch,0,True
0.5197,0.4318,0.5231,0.6233,1.0,44.0,0.195,0,771,12847,clean_catch,0,True
0.518,0.4517,0.5205,0.6426,0.8,44.2,0.193,0,774,12897,clean_catch,0,True
0.5183,0.4638,0.5179,0.6522,0.2,44.8,0.189,0,777,12947,clean_catch,0,True
0.5179,0.4745,0.5155,0.6663,0.8,44.2,0.194,0,780,12997,clean_catch,0,True
0.519,0.4822,0.5165,0.6702,0.8,44.2,0.191,0,783,13047,clean_catch,0,True
0.5197,0.4832,0.5164,0.6721,1.0,44.0,0.192,0,786,13097,clean_catch,0,True
0.5188,0.4784,0.518,0.6661,0.3,44.7,0.189,0,789,13147,clean_catch,0,True
0.5212,0.4708,0.5184,0.6627,0.8,44.2,0.195,0,792,13197,clean_catch,0,True
0.5211,0.4592,0.5226,0.6507,0.5,44.5,0.193,0,795,13247,clean_catch,0,True
0.5219,0.4402,0.5202,0.6343,0.5,44.5,0.196,0,798,13297,clean_catch,0,True
0.5268,0.4191,0.5244,0.6109,0.7,44.3,0.194,0,801,13347,clean_catch,0,True
0.5282,0.3934,0.5212,0.5923,2.0,43.0,0.206,0,804,13397,clean_catch,0,True
0.5365,0.3793,0.5208,0.5778,4.5,40.5,0.214,0,807,13447,clean_catch,0,True
0.5269,0.3892,0.5265,0.5851,0.2,44.8,0.196,0,810,13497,clean_catch,0,True
0.5335,0.4058,0.5242,0.5956,2.8,42.2,0.199,0,813,13547,clean_catch,0,True
0.5348,0.4381,0.5234,0.626,3.5,41.5,0.199,0,816,13597,clean_catch,0,True
0.5334,0.4668,0.527,0.6574,1.9,43.1,0.197,0,819,13647,clean_catch,0,True
0.5319,0.4764,0.5263,0.6671,1.7,43.3,0.196,0,822,13697,clean_catch,0,True
0.5324,0.4829,0.5277,0.6753,1.4,43.6,0.197,0,825,13747,clean_catch,0,True
0.53,0.4826,0.5269,0.6717,1.0,44.0,0.192,0,828,13797,clean_catch,0,True
0.528,0.4846,0.5278,0.6719,0.2,44.8,0.187,0,831,13847,clean_catch,0,True
0.5271,0.4916,0.5267,0.6763,0.2,44.8,0.185,0,834,13897,clean_catch,0,True
0.5254,0.488,0.5258,0.6804,0.2,44.8,0.193,0,837,13947,clean_catch,0,True
0.5254,0.4844,0.5247,0.673,0.3,44.7,0.189,0,840,13997,clean_catch,0,False
0.5274,0.4827,0.5271,0.6729,0.2,44.8,0.19,0,843,14047,clean_catch,0,False
0.526,0.4819,0.5274,0.672,0.5,44.5,0.191,0,846,14097,clean_catch,0,False
0.5286,0.4739,0.527,0.6653,0.5,44.5,0.193,0,849,14147,clean_catch,0,False
0.5276,0.467,0.5288,0.6571,0.4,44.6,0.191,0,852,14197,clean_catch,0,False
0.5301,0.4622,0.5336,0.6517,1.1,43.9,0.193,0,855,14247,clean_catch,0,False
0.5318,0.4554,0.5401,0.6501,2.5,42.5,0.203,0,858,14297,clean_catch,0,False
0.5354,0.4493,0.5416,0.6468,1.8,43.2,0.204,0,861,14347,clean_catch,0,False
0.5392,0.4428,0.5454,0.6374,1.8,43.2,0.201,0,864,14397,clean_catch,0,False
0.5454,0.4205,0.5463,0.6221,0.3,44.7,0.203,0,867,14447,clean_catch,0,False
0.5468,0.4164,0.5517,0.6212,1.4,43.6,0.21,0,870,14497,clean_catch,0,False
0.5468,0.4155,0.5566,0.6186,2.8,42.2,0.213,0,873,14547,clean_catch,0,False
0.5447,0.4128,0.5516,0.612,2.0,43.0,0.206,0,876,14597,clean_catch,0,False
0.5411,0.4077,0.5491,0.6049,2.3,42.7,0.205,0,879,14647,clean_catch,0,False
0.5402,0.4059,0.5502,0.6076,2.8,42.2,0.212,0,882,14697,clean_catch,0,False
0.5327,0.4037,0.5428,0.6004,2.9,42.1,0.207,0,885,14747,clean_catch,0,False
0.5299,0.3959,0.5435,0.5987,3.8,41.2,0.216,0,888,14797,clean_catch,0,False
0.5261,0.3966,0.539,0.596,3.7,41.3,0.212,0,891,14847,clean_catch,0,False
0.5266,0.3897,0.537,0.5908,3.0,42.0,0.212,0,894,14897,clean_catch,0,False
0.5227,0.3833,0.5255,0.5903,0.8,44.2,0.21,0,897,14947,clean_catch,0,False
0.522,0.379,0.5234,0.5835,0.4,44.6,0.206,0,900,14997,clean_catch,0,False
0.5209,0.3744,0.5204,0.5845,0.2,44.8,0.211,0,903,15047,clean_catch,0,False
0.5202,0.3725,0.5238,0.5758,1.1,43.9,0.207,0,906,15097,clean_catch,0,False
0.5161,0.3749,0.5156,0.5803,0.2,44.8,0.206,0,909,15147,clean_catch,0,False
0.5159,0.3712,0.5159,0.5809,0.2,44.8,0.21,0,912,15197,clean_catch,0,False
0.5132,0.3717,0.5128,0.5798,0.2,44.8,0.208,0,915,15247,clean_catch,0,False
0.5093,0.3745,0.5087,0.5842,0.2,44.8,0.21,0,918,15297,clean_catch,0,False
0.507,0.3742,0.5077,0.5901,0.3,44.7,0.217,0,921,15347,clean_catch,0,False
0.5071,0.3725,0.5057,0.5838,0.4,44.6,0.213,0,924,15397,clean_catch,0,False
0.5041,0.3736,0.5041,0.5862,0.2,44.8,0.213,0,927,15447,clean_catch,0,False
0.5038,0.3743,0.5058,0.5857,0.6,44.4,0.213,0,930,15497,clean_catch,0,False
0.5026,0.3741,0.5025,0.5838,0.2,44.8,0.21,0,933,15547,clean_catch,0,False
0.5025,0.3742,0.5037,0.5865,0.4,44.6,0.214,0,936,15597,clean_catch,0,False
0.5021,0.3722,0.503,0.5843,0.3,44.7,0.213,0,939,15647,clean_catch,0,False
0.5009,0.3746,0.5022,0.5896,0.4,44.6,0.216,0,942,15697,clean_catch,0,False
0.5022,0.375,0.5041,0.5857,0.6,44.4,0.213,0,945,15747,clean_catch,0,False
0.4988,0.3722,0.5,0.5842,0.4,44.6,0.213,0,948,15797,clean_catch,0,False
0.4991,0.3753,0.5036,0.5931,1.2,43.8,0.222,0,951,15847,clean_catch,0,False
0.499,0.3747,0.5016,0.5893,0.7,44.3,0.217,0,954,15897,clean_catch,0,False
0.4991,0.3707,0.5029,0.5858,1.0,44.0,0.219,0,957,15947,clean_catch,0,False
0.4988,0.3736,0.502,0.585,0.9,44.1,0.215,0,960,15997,clean_catch,0,False
0.5007,0.3743,0.5059,0.5872,1.4,43.6,0.218,0,963,16047,clean_catch,0,False
0.5061,0.3756,0.5092,0.5886,0.8,44.2,0.216,0,966,16097,clean_catch,0,False
0.5137,0.3751,0.5182,0.5873,1.3,43.7,0.217,0,969,16147,clean_catch,0,False
0.5239,0.3775,0.5248,0.5834,0.3,44.7,0.207,0,972,16197,clean_catch,0,False
0.5306,0.3848,0.5272,0.5826,1.0,44.0,0.201,0,975,16247,clean_catch,0,False
0.5348,0.3879,0.5321,0.5843,0.8,44.2,0.199,0,978,16297,clean_catch,0,False
0.5368,0.3853,0.5393,0.5865,0.7,44.3,0.204,0,981,16347,clean_catch,0,False
0.5341,0.4044,0.5359,0.6013,0.6,44.4,0.199,0,984,16397,clean_catch,0,False
0.5385,0.3991,0.5416,0.5931,0.9,44.1,0.197,0,987,16447,clean_catch,0,False
0.5405,0.4012,0.5402,0.594,0.2,44.8,0.193,0,990,16497,clean_catch,0,False
0.544,0.4048,0.5564,0.5746,4.2,40.8,0.182,0,993,16547,clean_catch,0,False
0.5444,0.409,0.5533,0.5824,2.9,42.1,0.182,0,996,16597,clean_catch,0,False
0.5473,0.406,0.555,0.5748,2.6,42.4,0.177,0,999,16647,clean_catch,0,False
0.5482,0.4063,0.5569,0.5766,2.9,42.1,0.179,0,1002,16697,clean_catch,0,False
0.5496,0.4052,0.5571,0.5755,2.5,42.5,0.178,0,1005,16747,clean_catch,0,False
0.5509,0.4042,0.557,0.5738,2.1,42.9,0.176,0,1008,16797,clean_catch,0,False
0.5519,0.4077,0.5611,0.5782,3.1,41.9,0.18,0,1011,16847,clean_catch,0,False
0.5527,0.4038,0.5579,0.5789,1.7,43.3,0.18,0,1014,16897,clean_catch,0,False
0.5529,0.406,0.5586,0.5838,1.9,43.1,0.184,0,1017,16947,clean_catch,0,False
0.5519,0.4063,0.5596,0.5847,2.5,42.5,0.186,0,1020,16997,clean_catch,0,False
0.5512,0.4067,0.5629,0.5802,3.9,41.1,0.185,0,1023,17047,clean_catch,0,False
0.5522,0.4083,0.5643,0.5852,3.9,41.1,0.189,0,1026,17097,clean_catch,0,False
0.5527,0.4106,0.5614,0.5892,2.8,42.2,0.187,0,1029,17147,clean_catch,0,False
0.5548,0.4141,0.5661,0.581,3.9,41.1,0.178,0,1032,17197,clean_catch,0,False
0.5561,0.4114,0.5643,0.5731,2.9,42.1,0.17,0,1035,17247,clean_catch,0,False
0.5577,0.4111,0.5699,0.582,4.1,40.9,0.183,0,1038,17297,clean_catch,0,False
0.5599,0.4099,0.5712,0.5803,3.8,41.2,0.182,0,1041,17347,clean_catch,0,False
0.5651,0.4089,0.5744,0.5783,3.2,41.8,0.179,0,1044,17397,clean_catch,0,False
0.5673,0.4083,0.5762,0.5777,3.0,42.0,0.178,0,1047,17447,clean_catch,0,False
0.5703,0.4081,0.576,0.5801,1.9,43.1,0.178,0,1050,17497,clean_catch,0,False
0.5746,0.4092,0.5789,0.5807,1.4,43.6,0.176,0,1053,17547,clean_catch,0,False
0.5771,0.4079,0.581,0.5828,1.3,43.7,0.179,0,1056,17597,clean_catch,0,False
0.5799,0.4084,0.5824,0.5792,0.9,44.1,0.173,0,1059,17647,clean_catch,0,False
0.5836,0.4114,0.5864,0.5911,0.9,44.1,0.182,0,1062,17697,clean_catch,0,False
0.5862,0.4127,0.5907,0.5888,1.5,43.5,0.181,0,1065,17747,clean_catch,0,False
0.59,0.4135,0.597,0.5915,2.3,42.7,0.185,0,1068,17797,clean_catch,0,False
0.5935,0.4143,0.601,0.5939,2.4,42.6,0.187,0,1071,17847,clean_catch,0,False
0.5958,0.4119,0.6077,0.5895,3.9,41.1,0.19,0,1074,17897,clean_catch,0,False
0.5981,0.4099,0.6107,0.5892,4.0,41.0,0.192,0,1077,17947,clean_catch,0,False
0.6001,0.4095,0.6115,0.585,3.7,41.3,0.187,0,1080,17997,clean_catch,0,False
0.6026,0.411,0.612,0.5913,3.0,42.0,0.19,0,1083,18047,clean_catch,0,False
0.605,0.4114,0.6188,0.5954,4.3,40.7,0.198,1,1086,18097,clean_catch,0,False
0.6061,0.4105,0.6163,0.5948,3.2,41.8,0.194,0,1089,18147,clean_catch,0,False
0.6089,0.4087,0.6181,0.5844,3.0,42.0,0.185,0,1092,18197,clean_catch,0,False
0.611,0.4115,0.6202,0.5874,3.0,42.0,0.185,0,1095,18247,clean_catch,0,False
0.614,0.4111,0.6227,0.5822,2.9,42.1,0.18,0,1098,18297,clean_catch,0,False
0.6182,0.4138,0.6233,0.585,1.7,43.3,0.176,0,1101,18347,clean_catch,0,False
0.6217,0.4174,0.6235,0.5898,0.6,44.4,0.174,0,1104,18397,clean_catch,0,False
0.6258,0.4159,0.6248,0.5827,0.4,44.6,0.168,0,1107,18447,clean_catch,0,False
0.6305,0.4187,0.6304,0.6038,0.2,44.8,0.185,0,1110,18497,clean_catch,0,False
0.635,0.4228,0.6337,0.6,0.5,44.5,0.179,0,1113,18547,clean_catch,0,False
0.6392,0.4295,0.6349,0.6092,1.4,43.6,0.184,0,1116,18597,clean_catch,0,False
0.6449,0.4369,0.6356,0.6034,3.2,41.8,0.176,0,1119,18647,clean_catch,0,False
0.6493,0.4466,0.6381,0.6126,3.9,41.1,0.177,0,1122,18697,clean_catch,0,False
0.6533,0.4585,0.6429,0.616,3.8,41.2,0.168,0,1125,18747,clean_catch,0,False
0.658,0.474,0.6447,0.6197,5.3,39.7,0.159,0,1128,18797,clean_catch,0,False
0.6613,0.4907,0.6444,0.6156,7.7,37.3,0.142,1,1131,18847,clean_catch,0,False
0.6639,0.5076,0.6453,0.6147,9.9,35.1,0.126,1,1134,18897,clean_catch,0,False
0.6654,0.5235,0.6524,0.6173,7.9,37.1,0.107,1,1137,18947,clean_catch,0,False
0.6698,0.5368,0.6543,0.6112,11.7,33.3,0.09,1,1140,18997,jerk_dip,0,False
0.6726,0.5527,0.6603,0.6371,8.3,36.7,0.097,1,1143,19047,clean_catch,0,False
0.6763,0.5727,0.6601,0.6119,22.5,22.5,0.055,1,1146,19096,jerk_dip,0,False
0.6718,0.5837,0.6571,0.6377,15.3,29.7,0.069,1,1149,19146,jerk_dip,0,False
0.6624,0.5979,0.6386,0.645,26.9,18.1,0.071,1,1152,19196,jerk_dip,0,False
